
INSERT INTO users (
    users_id, first_name, last_name, email, crypted_password, status, create_date, last_login_date, last_login_ip_address, last_token_value, last_token_expire_date
) VALUES
(832, 'NikolaTest', 'MiticTest', 'nikola.mitic1995@gmail.com', '$2a$10$2lJCeXtmc.atrXC53LnUt.PBpF6m7s.Rq31Pa7X6olMf66yxTLHBu', 1, '2023-02-23 13:42:29.573', NULL, NULL, NULL, NULL), (858, 'Teodor', 'Vujicin', 'vujicin.teodor@credo-company.com', '{bcrypt}$2a$10$H9MVFTkFeg0Wt41LrqCfWO1ZknO.mn5jHL51utuNhNPorACCQu872', 0, '2021-11-22 09:28:33.743', '2023-01-10 12:29:00', '192.168.171.60', NULL, NULL), (833, 'Ilija', 'Bogicevic', 'bogicevic.ilija@credo-company.com', '{bcrypt}$2a$10$J9wq6FFWFCMOlCEuxNHuqu4z9BxqqWcyRwMc9RXWa.7S6RiGyaa9m', 1, NULL, NULL, NULL, NULL, NULL), (809, 'Mladen', 'Rajcevic', 'rajcevic.mladen@credo-company.com', '$2a$10$Yht67gJwZcNoYVcrW5YdzeXFqDiM5M4OOY.1RUKCLCXj9TC4kQ6nG', 1, NULL, NULL, NULL, NULL, NULL), (806, 'Dusan', 'Andric', 'andric.dusan@credo-company.com', '$2a$10$OBiEh6CX/rhhCokD3Hqsm.NVQWbzRCiBOkh4uyl3deeUnfRhsolua', 1, '2023-03-07 15:32:13.602', NULL, NULL, NULL, NULL), (855, 'Kyriakidis', 'Dimitris', 'kyriakidis.dimitris@pearl.ch', '$2a$10$e.Z0ynkDiHRfivVG1Oyt4uA4QTtfyquKcMw0vL7sFC4QsOul2ZeQK', 1, '2023-03-07 16:45:01.486', NULL, NULL, NULL, NULL), (803, 'Ivan', 'Gligoric', 'gligoric.ivan@pearl.ch', '$2a$12$x9WvdqoHCvgE6HDhd/zm.OvWjfszfgj8yPU3e3Fh7C7VXSzB7brWW', 1, '2021-04-28 15:38:31.65', '2022-12-09 10:13:10', '192.168.173.102', NULL, NULL), (834, 'Ivan', 'Gligoric', 'gligoric.ivan@pearl.ch', '$2a$10$Dh7PeV6OeiQcunHFuIryX.SGUiWi8i9jt.sekrEyEdCGt801PKP3K', 1, NULL, NULL, NULL, NULL, NULL), (852, 'Ivan', 'Gligoric', 'gligoric.ivan@pearl.ch', '$2a$10$Dh7PeV6OeiQcunHFuIryX.SGUiWi8i9jt.sekrEyEdCGt801PKP3K', 1, NULL, NULL, NULL, NULL, NULL), (853, 'Ivan', 'Gligoric', 'gligoric.ivan@pearl.ch', '$2a$10$Dh7PeV6OeiQcunHFuIryX.SGUiWi8i9jt.sekrEyEdCGt801PKP3K', 1, NULL, NULL, NULL, NULL, NULL), (856, 'Ivan', 'Gligoric', 'gligoric.ivan@pearl.ch', '$2a$10$Dh7PeV6OeiQcunHFuIryX.SGUiWi8i9jt.sekrEyEdCGt801PKP3K', 1, NULL, NULL, NULL, NULL, NULL), (807, 'Nikola', 'Mitic', 'mitic.nikola@credo-company.com', '$2y$10$UoTeADGRvL67CqL8UG1z1.zSfj4PYOeSBJJCBE105D0SP91yb1i7K', 1, '2023-01-23 10:51:18.389364', '2024-06-18 12:58:02.089', NULL, NULL, NULL), (800, 'Neven', 'Čulum', 'culum.neven@credo-company.com', '$2a$10$GTCyi2Vkt6sNia8R85H00eoq0yNiOiHalsDkNXAMKG.K4bWveHCna', 0, NULL, '2023-01-04 07:38:58', '192.168.160.130', NULL, NULL), (90014, 'Mladen', 'Kovacevic', 'kovacevic.mladen@credo-company.com', '$2a$10$2aV4oZHh3kht70LTcUi1Q.gSl4gWs4dULEHPM.VLPyj5I/Vw3FBgK', 0, '2023-03-06 16:24:49.885', NULL, NULL, NULL, NULL), (805, 'Dusan', 'Andric', 'andric.dusa@credo-company.com', '{bcrypt}$2y$12$K54BkKMHYOUA4iLo2F0Dvuhs7yYt2APAacD5CRtY6qGwbgwh8S7My', 0, '2021-06-07 11:20:20.626', '2021-11-23 09:44:57', '192.168.171.64', NULL, NULL), (835, 'Uroš', 'Stevanović', 'stevanovic.uros@credo-company.com', '$2a$12$hAZOBNp7etgPfullEhJLjeGKXfrE.2fvEtMiHqGZpJmab/F1KXh0y', 1, '2023-03-07 16:45:36.838', '2024-06-29 19:36:05.727', NULL, NULL, NULL), (847, 'test', 'security', 'testsec@test.com', '$2a$10$sW9ZMzCkB3o1CjOd3iycWOIF488huDjFSZ0b1mtjaBf86qrkrmqgO', 1, '2024-05-28 17:51:18.843', NULL, NULL, NULL, NULL), (1, 'Bili', 'Pitonj', 'piton.bili@credo-company.com', '$2a$10$3zvtNCvVHC.lbYq5IUgH2eZkKXP28oxFe8eLazoiZDHbZYszAui6.', 1, '2023-01-10 13:31:25.060798', '2023-02-13 12:26:36', '192.168.160.133', NULL, NULL), (820, 'Ilija', 'Bogicevic', 'bogicevic.ilija@credo-company.com', '$2y$10$goKvvaFbexULTR4WcqYJYOrB/amvAt3JqJGN5i/HHMXXpp/Nva/Z.', 1, NULL, '2024-06-03 08:32:13.971', NULL, NULL, NULL);

INSERT INTO roles (
    roles_id, name
) VALUES
(1, 'ADMIN');

INSERT INTO users_roles (
    users_id, roles_id
) VALUES
(835,1);

INSERT INTO languages(language_id, name) VALUES (1, 'English'), (2, 'German'), (6,'Italian'), (7,'French');

INSERT INTO mss_shops (shop_id, name) VALUES (1, 'PEARL'),(2,'CASATIVO'),(3,'Natura-Punto');

INSERT INTO mss_types (
    mss_type_id, shop_id, name
) VALUES
(1, 1, 'Vanessa'), (1, 2, 'Casativo Newsletter'), (1, 3, 'Natura Newsletter'), (2, 1, 'Fiona'), (3, 1, 'Fundgrube'), (7, 1, 'Geburtstag'), (6, 1, 'Jubiläum'), (5, 1, 'PFO'), (8, 1, 'Warenkorbabbrecher'), (8, 2, 'Warenkorbabbrecher'), (8, 3, 'Warenkorbabbrecher');


INSERT INTO mss_fillers (filler_id,name,shop_id,language_id,sql,cruser,crdate,upduser,upddate,mss_type_id)
VALUES
(1,'testuros',3,2,'select distinct email as email from clients where email like ''%uros%''', 835, NOW(), 835,now(), 1);



INSERT INTO mss_templates (
    mss_template_id, language_id, shop_id, mss_type_id, name, mail_subject, mail_from, coorders_url, html_template, json_template, online_version_url, filler_id, state, cruser, crdate, upduser, upddate
) VALUES
(361, 2, 3, 1, 'COPY_COPY_Ivan-Natura-Test', '🌹 Nanu? Blumen auswerfen, warten und bewundern?', 'Natura-Punto <julia.steiner@natura-punto.ch>', 'test', '<!DOCTYPE HTML PUBLIC "-//W3C//DTD XHTML 1.0 Transitional //EN" "http://www.w3.org/TR/xhtml1/DTD/xhtml1-transitional.dtd">
<html xmlns="http://www.w3.org/1999/xhtml" xmlns:v="urn:schemas-microsoft-com:vml" xmlns:o="urn:schemas-microsoft-com:office:office">
<head>
<!--[if gte mso 9]>
<xml>
  <o:OfficeDocumentSettings>
    <o:AllowPNG/>
    <o:PixelsPerInch>96</o:PixelsPerInch>
  </o:OfficeDocumentSettings>
</xml>
<![endif]-->
  <meta http-equiv="Content-Type" content="text/html; charset=UTF-8">
  <meta name="viewport" content="width=device-width, initial-scale=1.0">
  <meta name="x-apple-disable-message-reformatting">
  <!--[if !mso]><!--><meta http-equiv="X-UA-Compatible" content="IE=edge"><!--<![endif]-->
  <title></title>
  
    <style type="text/css">
      @media only screen and (min-width: 780px) {
  .u-row {
    width: 760px !important;
  }
  .u-row .u-col {
    vertical-align: top;
  }

  .u-row .u-col-25 {
    width: 190px !important;
  }

  .u-row .u-col-33p33 {
    width: 253.308px !important;
  }

  .u-row .u-col-50 {
    width: 380px !important;
  }

  .u-row .u-col-66p67 {
    width: 506.69200000000006px !important;
  }

  .u-row .u-col-100 {
    width: 760px !important;
  }

}

@media (max-width: 780px) {
  .u-row-container {
    max-width: 100% !important;
    padding-left: 0px !important;
    padding-right: 0px !important;
  }
  .u-row .u-col {
    min-width: 320px !important;
    max-width: 100% !important;
    display: block !important;
  }
  .u-row {
    width: 100% !important;
  }
  .u-col {
    width: 100% !important;
  }
  .u-col > div {
    margin: 0 auto;
  }
}
body {
  margin: 0;
  padding: 0;
}

table,
tr,
td {
  vertical-align: top;
  border-collapse: collapse;
}

p {
  margin: 0;
}

.ie-container table,
.mso-container table {
  table-layout: fixed;
}

* {
  line-height: inherit;
}

a[x-apple-data-detectors=''true''] {
  color: inherit !important;
  text-decoration: none !important;
}

@media (max-width: 480px) {
  .hide-mobile {
    max-height: 0px;
    overflow: hidden;
    display: none !important;
  }
}

table, td { color: #000000; } #u_body a { color: #ffffff; text-decoration: none; } @media (max-width: 480px) { #u_content_button_1 .v-font-size { font-size: 16px !important; } }
    </style>
  
  

</head>

<body class="clean-body u_body" style="margin: 0;padding: 0;-webkit-text-size-adjust: 100%;background-color: #ffffff;color: #000000">
  <!--[if IE]><div class="ie-container"><![endif]-->
  <!--[if mso]><div class="mso-container"><![endif]-->
  <table id="u_body" style="border-collapse: collapse;table-layout: fixed;border-spacing: 0;mso-table-lspace: 0pt;mso-table-rspace: 0pt;vertical-align: top;min-width: 320px;Margin: 0 auto;background-color: #ffffff;width:100%" cellpadding="0" cellspacing="0">
  <tbody>
  <tr>
    <td style="display:none !important;visibility:hidden;mso-hide:all;font-size:1px;color:#ffffff;line-height:1px;max-height:0px;max-width:0px;opacity:0;overflow:hidden;">
      Blumenmurmeln zum Auswerfen oder Verschenken!
    </td>
  </tr>
  
  <tr style="vertical-align: top">
    <td style="word-break: break-word;border-collapse: collapse !important;vertical-align: top">
    <!--[if (mso)|(IE)]><table width="100%" cellpadding="0" cellspacing="0" border="0"><tr><td align="center" style="background-color: #ffffff;"><![endif]-->
    
  
  
<div class="u-row-container" style="padding: 0px;background-color: transparent">
  <div class="u-row" style="margin: 0 auto;min-width: 320px;max-width: 760px;overflow-wrap: break-word;word-wrap: break-word;word-break: break-word;background-color: transparent;">
    <div style="border-collapse: collapse;display: table;width: 100%;height: 100%;background-color: transparent;">
      <!--[if (mso)|(IE)]><table width="100%" cellpadding="0" cellspacing="0" border="0"><tr><td style="padding: 0px;background-color: transparent;" align="center"><table cellpadding="0" cellspacing="0" border="0" style="width:760px;"><tr style="background-color: transparent;"><![endif]-->
      
<!--[if (mso)|(IE)]><td align="center" width="760" style="width: 760px;padding: 0px;border-top: 0px solid transparent;border-left: 0px solid transparent;border-right: 0px solid transparent;border-bottom: 0px solid transparent;border-radius: 0px;-webkit-border-radius: 0px; -moz-border-radius: 0px;" valign="top"><![endif]-->
<div class="u-col u-col-100" style="max-width: 320px;min-width: 760px;display: table-cell;vertical-align: top;">
  <div style="height: 100%;width: 100% !important;border-radius: 0px;-webkit-border-radius: 0px; -moz-border-radius: 0px;">
  <!--[if (!mso)&(!IE)]><!--><div style="box-sizing: border-box; height: 100%; padding: 0px;border-top: 0px solid transparent;border-left: 0px solid transparent;border-right: 0px solid transparent;border-bottom: 0px solid transparent;border-radius: 0px;-webkit-border-radius: 0px; -moz-border-radius: 0px;"><!--<![endif]-->
  
<table style="font-family:arial,helvetica,sans-serif;" role="presentation" cellpadding="0" cellspacing="0" width="100%" border="0">
  <tbody>
    <tr>
      <td style="overflow-wrap:break-word;word-break:break-word;padding:10px;font-family:arial,helvetica,sans-serif;" align="left">
        
  <div class="v-font-size" style="font-family: inherit; font-size: 16px; line-height: 140%; text-align: center; word-wrap: break-word;">
    <p style="line-height: 140%;">Exklusives Angebot für: {{email}}</p>
<p style="line-height: 140%;"><span style="line-height: 22.4px; color: #2dc26b;"><a rel="noopener" href="https://export.dev.natura-punto.ch/newsletter/336/index.html" target="_blank" style="color: #2dc26b;">Online-Version dieser E-Mail anzeigen</a></span></p>
  </div>

      </td>
    </tr>
  </tbody>
</table>

  <!--[if (!mso)&(!IE)]><!--></div><!--<![endif]-->
  </div>
</div>
<!--[if (mso)|(IE)]></td><![endif]-->
      <!--[if (mso)|(IE)]></tr></table></td></tr></table><![endif]-->
    </div>
  </div>
  </div>
  


  
  
<div class="u-row-container" style="padding: 0px;background-color: transparent">
  <div class="u-row" style="margin: 0 auto;min-width: 320px;max-width: 760px;overflow-wrap: break-word;word-wrap: break-word;word-break: break-word;background-color: transparent;">
    <div style="border-collapse: collapse;display: table;width: 100%;height: 100%;background-color: transparent;">
      <!--[if (mso)|(IE)]><table width="100%" cellpadding="0" cellspacing="0" border="0"><tr><td style="padding: 0px;background-color: transparent;" align="center"><table cellpadding="0" cellspacing="0" border="0" style="width:760px;"><tr style="background-color: transparent;"><![endif]-->
      
<!--[if (mso)|(IE)]><td align="center" width="760" style="width: 760px;padding: 0px;border-top: 0px solid transparent;border-left: 0px solid transparent;border-right: 0px solid transparent;border-bottom: 0px solid transparent;border-radius: 0px;-webkit-border-radius: 0px; -moz-border-radius: 0px;" valign="top"><![endif]-->
<div class="u-col u-col-100" style="max-width: 320px;min-width: 760px;display: table-cell;vertical-align: top;">
  <div style="height: 100%;width: 100% !important;border-radius: 0px;-webkit-border-radius: 0px; -moz-border-radius: 0px;">
  <!--[if (!mso)&(!IE)]><!--><div style="box-sizing: border-box; height: 100%; padding: 0px;border-top: 0px solid transparent;border-left: 0px solid transparent;border-right: 0px solid transparent;border-bottom: 0px solid transparent;border-radius: 0px;-webkit-border-radius: 0px; -moz-border-radius: 0px;"><!--<![endif]-->
  
<table style="font-family:arial,helvetica,sans-serif;" role="presentation" cellpadding="0" cellspacing="0" width="100%" border="0">
  <tbody>
    <tr>
      <td style="overflow-wrap:break-word;word-break:break-word;padding:10px;font-family:arial,helvetica,sans-serif;" align="left">
        
<table width="100%" cellpadding="0" cellspacing="0" border="0">
  <tr>
    <td style="padding-right: 0px;padding-left: 0px;" align="center">
      <a href="https://natura-punto.ch/de/?refID=920" target="_blank">
      <img align="center" border="0" src="https://images.natura-punto.ch/images/mailing/760x200_natura_header_30.jpg" alt="natura-punto" title="natura-punto" style="outline: none;text-decoration: none;-ms-interpolation-mode: bicubic;clear: both;display: inline-block !important;border: none;height: auto;float: none;width: 100%;max-width: 740px;" width="740"/>
      </a>
    </td>
  </tr>
</table>

      </td>
    </tr>
  </tbody>
</table>

  <!--[if (!mso)&(!IE)]><!--></div><!--<![endif]-->
  </div>
</div>
<!--[if (mso)|(IE)]></td><![endif]-->
      <!--[if (mso)|(IE)]></tr></table></td></tr></table><![endif]-->
    </div>
  </div>
  </div>
  


  
  
<div class="u-row-container" style="padding: 0px;background-color: transparent">
  <div class="u-row" style="margin: 0 auto;min-width: 320px;max-width: 760px;overflow-wrap: break-word;word-wrap: break-word;word-break: break-word;background-color: transparent;">
    <div style="border-collapse: collapse;display: table;width: 100%;height: 100%;background-color: transparent;">
      <!--[if (mso)|(IE)]><table width="100%" cellpadding="0" cellspacing="0" border="0"><tr><td style="padding: 0px;background-color: transparent;" align="center"><table cellpadding="0" cellspacing="0" border="0" style="width:760px;"><tr style="background-color: transparent;"><![endif]-->
      
<!--[if (mso)|(IE)]><td align="center" width="190" style="width: 190px;padding: 0px;border-top: 0px solid transparent;border-left: 0px solid transparent;border-right: 0px solid transparent;border-bottom: 0px solid transparent;border-radius: 0px;-webkit-border-radius: 0px; -moz-border-radius: 0px;" valign="top"><![endif]-->
<div class="u-col u-col-25" style="max-width: 320px;min-width: 190px;display: table-cell;vertical-align: top;">
  <div style="height: 100%;width: 100% !important;border-radius: 0px;-webkit-border-radius: 0px; -moz-border-radius: 0px;">
  <!--[if (!mso)&(!IE)]><!--><div style="box-sizing: border-box; height: 100%; padding: 0px;border-top: 0px solid transparent;border-left: 0px solid transparent;border-right: 0px solid transparent;border-bottom: 0px solid transparent;border-radius: 0px;-webkit-border-radius: 0px; -moz-border-radius: 0px;"><!--<![endif]-->
  
<table class="hide-mobile" style="font-family:arial,helvetica,sans-serif;" role="presentation" cellpadding="0" cellspacing="0" width="100%" border="0">
  <tbody>
    <tr>
      <td style="overflow-wrap:break-word;word-break:break-word;padding:10px;font-family:arial,helvetica,sans-serif;" align="left">
        
  <div class="v-font-size" style="font-size: 14px; line-height: 140%; text-align: left; word-wrap: break-word;">
    <p style="line-height: 140%;"><span style="color: #ad7801; line-height: 19.6px;"><a rel="noopener" href="https://natura-punto.ch/de/gesundheit-pflege/?refID=920" target="_blank" style="color: #ad7801;">GESUNDHEIT</a></span></p>
  </div>

      </td>
    </tr>
  </tbody>
</table>

  <!--[if (!mso)&(!IE)]><!--></div><!--<![endif]-->
  </div>
</div>
<!--[if (mso)|(IE)]></td><![endif]-->
<!--[if (mso)|(IE)]><td align="center" width="190" style="width: 190px;padding: 0px;border-top: 0px solid transparent;border-left: 0px solid transparent;border-right: 0px solid transparent;border-bottom: 0px solid transparent;border-radius: 0px;-webkit-border-radius: 0px; -moz-border-radius: 0px;" valign="top"><![endif]-->
<div class="u-col u-col-25" style="max-width: 320px;min-width: 190px;display: table-cell;vertical-align: top;">
  <div style="height: 100%;width: 100% !important;border-radius: 0px;-webkit-border-radius: 0px; -moz-border-radius: 0px;">
  <!--[if (!mso)&(!IE)]><!--><div style="box-sizing: border-box; height: 100%; padding: 0px;border-top: 0px solid transparent;border-left: 0px solid transparent;border-right: 0px solid transparent;border-bottom: 0px solid transparent;border-radius: 0px;-webkit-border-radius: 0px; -moz-border-radius: 0px;"><!--<![endif]-->
  
<table class="hide-mobile" style="font-family:arial,helvetica,sans-serif;" role="presentation" cellpadding="0" cellspacing="0" width="100%" border="0">
  <tbody>
    <tr>
      <td style="overflow-wrap:break-word;word-break:break-word;padding:10px;font-family:arial,helvetica,sans-serif;" align="left">
        
  <div class="v-font-size" style="font-size: 14px; line-height: 140%; text-align: left; word-wrap: break-word;">
    <p style="line-height: 140%;"><span style="color: #ad7801; line-height: 19.6px;">HAUSHALT</span></p>
  </div>

      </td>
    </tr>
  </tbody>
</table>

  <!--[if (!mso)&(!IE)]><!--></div><!--<![endif]-->
  </div>
</div>
<!--[if (mso)|(IE)]></td><![endif]-->
<!--[if (mso)|(IE)]><td align="center" width="190" style="width: 190px;padding: 0px;border-top: 0px solid transparent;border-left: 0px solid transparent;border-right: 0px solid transparent;border-bottom: 0px solid transparent;border-radius: 0px;-webkit-border-radius: 0px; -moz-border-radius: 0px;" valign="top"><![endif]-->
<div class="u-col u-col-25" style="max-width: 320px;min-width: 190px;display: table-cell;vertical-align: top;">
  <div style="height: 100%;width: 100% !important;border-radius: 0px;-webkit-border-radius: 0px; -moz-border-radius: 0px;">
  <!--[if (!mso)&(!IE)]><!--><div style="box-sizing: border-box; height: 100%; padding: 0px;border-top: 0px solid transparent;border-left: 0px solid transparent;border-right: 0px solid transparent;border-bottom: 0px solid transparent;border-radius: 0px;-webkit-border-radius: 0px; -moz-border-radius: 0px;"><!--<![endif]-->
  
<table class="hide-mobile" style="font-family:arial,helvetica,sans-serif;" role="presentation" cellpadding="0" cellspacing="0" width="100%" border="0">
  <tbody>
    <tr>
      <td style="overflow-wrap:break-word;word-break:break-word;padding:10px;font-family:arial,helvetica,sans-serif;" align="left">
        
  <div class="v-font-size" style="font-size: 14px; line-height: 140%; text-align: left; word-wrap: break-word;">
    <p style="line-height: 140%;"><span style="color: #ad7801; line-height: 19.6px;">FREIZEIT</span></p>
  </div>

      </td>
    </tr>
  </tbody>
</table>

  <!--[if (!mso)&(!IE)]><!--></div><!--<![endif]-->
  </div>
</div>
<!--[if (mso)|(IE)]></td><![endif]-->
<!--[if (mso)|(IE)]><td align="center" width="190" style="width: 190px;padding: 0px;border-top: 0px solid transparent;border-left: 0px solid transparent;border-right: 0px solid transparent;border-bottom: 0px solid transparent;border-radius: 0px;-webkit-border-radius: 0px; -moz-border-radius: 0px;" valign="top"><![endif]-->
<div class="u-col u-col-25" style="max-width: 320px;min-width: 190px;display: table-cell;vertical-align: top;">
  <div style="height: 100%;width: 100% !important;border-radius: 0px;-webkit-border-radius: 0px; -moz-border-radius: 0px;">
  <!--[if (!mso)&(!IE)]><!--><div style="box-sizing: border-box; height: 100%; padding: 0px;border-top: 0px solid transparent;border-left: 0px solid transparent;border-right: 0px solid transparent;border-bottom: 0px solid transparent;border-radius: 0px;-webkit-border-radius: 0px; -moz-border-radius: 0px;"><!--<![endif]-->
  
<table class="hide-mobile" style="font-family:arial,helvetica,sans-serif;" role="presentation" cellpadding="0" cellspacing="0" width="100%" border="0">
  <tbody>
    <tr>
      <td style="overflow-wrap:break-word;word-break:break-word;padding:10px;font-family:arial,helvetica,sans-serif;" align="left">
        
  <div class="v-font-size" style="font-size: 14px; line-height: 140%; text-align: left; word-wrap: break-word;">
    <p style="line-height: 140%;"><span style="color: #ad7801; line-height: 19.6px;">OLIVENHOLZ</span></p>
  </div>

      </td>
    </tr>
  </tbody>
</table>

  <!--[if (!mso)&(!IE)]><!--></div><!--<![endif]-->
  </div>
</div>
<!--[if (mso)|(IE)]></td><![endif]-->
      <!--[if (mso)|(IE)]></tr></table></td></tr></table><![endif]-->
    </div>
  </div>
  </div>
  


  
  
<div class="u-row-container" style="padding: 0px;background-color: transparent">
  <div class="u-row" style="margin: 0 auto;min-width: 320px;max-width: 760px;overflow-wrap: break-word;word-wrap: break-word;word-break: break-word;background-color: transparent;">
    <div style="border-collapse: collapse;display: table;width: 100%;height: 100%;background-color: transparent;">
      <!--[if (mso)|(IE)]><table width="100%" cellpadding="0" cellspacing="0" border="0"><tr><td style="padding: 0px;background-color: transparent;" align="center"><table cellpadding="0" cellspacing="0" border="0" style="width:760px;"><tr style="background-color: transparent;"><![endif]-->
      
<!--[if (mso)|(IE)]><td align="center" width="760" style="width: 760px;padding: 0px;border-top: 0px solid transparent;border-left: 0px solid transparent;border-right: 0px solid transparent;border-bottom: 0px solid transparent;border-radius: 0px;-webkit-border-radius: 0px; -moz-border-radius: 0px;" valign="top"><![endif]-->
<div class="u-col u-col-100" style="max-width: 320px;min-width: 760px;display: table-cell;vertical-align: top;">
  <div style="height: 100%;width: 100% !important;border-radius: 0px;-webkit-border-radius: 0px; -moz-border-radius: 0px;">
  <!--[if (!mso)&(!IE)]><!--><div style="box-sizing: border-box; height: 100%; padding: 0px;border-top: 0px solid transparent;border-left: 0px solid transparent;border-right: 0px solid transparent;border-bottom: 0px solid transparent;border-radius: 0px;-webkit-border-radius: 0px; -moz-border-radius: 0px;"><!--<![endif]-->
  
<table style="font-family:arial,helvetica,sans-serif;" role="presentation" cellpadding="0" cellspacing="0" width="100%" border="0">
  <tbody>
    <tr>
      <td style="overflow-wrap:break-word;word-break:break-word;padding:10px;font-family:arial,helvetica,sans-serif;" align="left">
        
<table width="100%" cellpadding="0" cellspacing="0" border="0">
  <tr>
    <td style="padding-right: 0px;padding-left: 0px;" align="center">
      <a href="https://natura-punto.ch/de/individual_product_listing.php?refID=920&model=%20CHA6426,CHA16426,CHT6428,CHT6430,CHT6431,CHT6432,CHT6433,CHT6436,CHT6438,CHT6444,CHT6445,CHT6447,CHT6448,CHT6911,CHT6912,CHT6944,CHT6945,CHT6946,CHT6954,CHT7284,CHX3114,CHT6357,CHT5440,CHT5521,CHT5020,CHT6028,CHT6027,CHT6093,CHT5334,CHT6133,CHT5900,CHT6050,CHT5894,CHT6097,CHT5899,CHT5447,CHT5000,CHT5967,CHT6103,CHT5530,CHT6403,CHT6025,CHT5533,CHT6406,CHT5522,CHT5916,CHT6099,CHT5885,CHT5922,CHT5465,CHT5019,CHT5425,CHT5464,CHT6450,CHT5525,CHT6023,CHT6216,CHT5872,CHT5970,CHT7283,CHT6672,CHX2841,CHT6751,CHT6412,CHT5001,CHT5452,CHT6217,CHT5445,CHT6860,CHT6824,CHT6016,CHT6779,CHT6231,CHT5985,CHT6879,CHT5901,CHT5450,CHT5439,CHT6408,CHT6203,CHT6233,CHT6277,CHT6884,CHT6197,CHT5531,CHT6868,CHT5924,CHT5911,CHT6862,CHT6409,CHT5841,CHT6411,CHT6885,CHT6065,CHT6080,CHT6866,CHX4547,CHT6413,CHT6234,CHT6449,CHT6387,CHT6094&view_mode=tiled&language=de&wide_preview=2&title=Angebot%20der%20Woche" target="_blank">
      <img align="center" border="0" src="https://images.natura-punto.ch/images/mailing/2024_KW11-N2_Blumenmurmeln_DE_ok.jpg" alt="Blumenmurmeln" title="Blumenmurmeln" style="outline: none;text-decoration: none;-ms-interpolation-mode: bicubic;clear: both;display: inline-block !important;border: none;height: auto;float: none;width: 100%;max-width: 740px;" width="740"/>
      </a>
    </td>
  </tr>
</table>

      </td>
    </tr>
  </tbody>
</table>

  <!--[if (!mso)&(!IE)]><!--></div><!--<![endif]-->
  </div>
</div>
<!--[if (mso)|(IE)]></td><![endif]-->
      <!--[if (mso)|(IE)]></tr></table></td></tr></table><![endif]-->
    </div>
  </div>
  </div>
  


  
  
<div class="u-row-container" style="padding: 0px;background-color: transparent">
  <div class="u-row" style="margin: 0 auto;min-width: 320px;max-width: 760px;overflow-wrap: break-word;word-wrap: break-word;word-break: break-word;background-color: transparent;">
    <div style="border-collapse: collapse;display: table;width: 100%;height: 100%;background-color: transparent;">
      <!--[if (mso)|(IE)]><table width="100%" cellpadding="0" cellspacing="0" border="0"><tr><td style="padding: 0px;background-color: transparent;" align="center"><table cellpadding="0" cellspacing="0" border="0" style="width:760px;"><tr style="background-color: transparent;"><![endif]-->
      
<!--[if (mso)|(IE)]><td align="center" width="760" style="width: 760px;padding: 0px;border-top: 0px solid transparent;border-left: 0px solid transparent;border-right: 0px solid transparent;border-bottom: 0px solid transparent;border-radius: 0px;-webkit-border-radius: 0px; -moz-border-radius: 0px;" valign="top"><![endif]-->
<div class="u-col u-col-100" style="max-width: 320px;min-width: 760px;display: table-cell;vertical-align: top;">
  <div style="height: 100%;width: 100% !important;border-radius: 0px;-webkit-border-radius: 0px; -moz-border-radius: 0px;">
  <!--[if (!mso)&(!IE)]><!--><div style="box-sizing: border-box; height: 100%; padding: 0px;border-top: 0px solid transparent;border-left: 0px solid transparent;border-right: 0px solid transparent;border-bottom: 0px solid transparent;border-radius: 0px;-webkit-border-radius: 0px; -moz-border-radius: 0px;"><!--<![endif]-->
  
<table id="u_content_button_1" style="font-family:arial,helvetica,sans-serif;" role="presentation" cellpadding="0" cellspacing="0" width="100%" border="0">
  <tbody>
    <tr>
      <td style="overflow-wrap:break-word;word-break:break-word;padding:10px;font-family:arial,helvetica,sans-serif;" align="left">
        
  <!--[if mso]><style>.v-button {background: transparent !important;}</style><![endif]-->
<div align="center">
  <!--[if mso]><v:roundrect xmlns:v="urn:schemas-microsoft-com:vml" xmlns:w="urn:schemas-microsoft-com:office:word" href="https://natura-punto.ch/de/individual_product_listing.php?refID=920&model=%20CHA6426,CHA16426,CHT6428,CHT6430,CHT6431,CHT6432,CHT6433,CHT6436,CHT6438,CHT6444,CHT6445,CHT6447,CHT6448,CHT6911,CHT6912,CHT6944,CHT6945,CHT6946,CHT6954,CHT7284,CHX3114,CHT6357,CHT5440,CHT5521,CHT5020,CHT6028,CHT6027,CHT6093,CHT5334,CHT6133,CHT5900,CHT6050,CHT5894,CHT6097,CHT5899,CHT5447,CHT5000,CHT5967,CHT6103,CHT5530,CHT6403,CHT6025,CHT5533,CHT6406,CHT5522,CHT5916,CHT6099,CHT5885,CHT5922,CHT5465,CHT5019,CHT5425,CHT5464,CHT6450,CHT5525,CHT6023,CHT6216,CHT5872,CHT5970,CHT7283,CHT6672,CHX2841,CHT6751,CHT6412,CHT5001,CHT5452,CHT6217,CHT5445,CHT6860,CHT6824,CHT6016,CHT6779,CHT6231,CHT5985,CHT6879,CHT5901,CHT5450,CHT5439,CHT6408,CHT6203,CHT6233,CHT6277,CHT6884,CHT6197,CHT5531,CHT6868,CHT5924,CHT5911,CHT6862,CHT6409,CHT5841,CHT6411,CHT6885,CHT6065,CHT6080,CHT6866,CHX4547,CHT6413,CHT6234,CHT6449,CHT6387,CHT6094&view_mode=tiled&language=de&wide_preview=2&title=Angebot%20der%20Woche" style="height:44px; v-text-anchor:middle; width:480px;" arcsize="9%"  stroke="f" fillcolor="#7cdf29"><w:anchorlock/><center style="color:#FFFFFF;"><![endif]-->
    <a href="https://natura-punto.ch/de/individual_product_listing.php?refID=920&model=%20CHA6426,CHA16426,CHT6428,CHT6430,CHT6431,CHT6432,CHT6433,CHT6436,CHT6438,CHT6444,CHT6445,CHT6447,CHT6448,CHT6911,CHT6912,CHT6944,CHT6945,CHT6946,CHT6954,CHT7284,CHX3114,CHT6357,CHT5440,CHT5521,CHT5020,CHT6028,CHT6027,CHT6093,CHT5334,CHT6133,CHT5900,CHT6050,CHT5894,CHT6097,CHT5899,CHT5447,CHT5000,CHT5967,CHT6103,CHT5530,CHT6403,CHT6025,CHT5533,CHT6406,CHT5522,CHT5916,CHT6099,CHT5885,CHT5922,CHT5465,CHT5019,CHT5425,CHT5464,CHT6450,CHT5525,CHT6023,CHT6216,CHT5872,CHT5970,CHT7283,CHT6672,CHX2841,CHT6751,CHT6412,CHT5001,CHT5452,CHT6217,CHT5445,CHT6860,CHT6824,CHT6016,CHT6779,CHT6231,CHT5985,CHT6879,CHT5901,CHT5450,CHT5439,CHT6408,CHT6203,CHT6233,CHT6277,CHT6884,CHT6197,CHT5531,CHT6868,CHT5924,CHT5911,CHT6862,CHT6409,CHT5841,CHT6411,CHT6885,CHT6065,CHT6080,CHT6866,CHX4547,CHT6413,CHT6234,CHT6449,CHT6387,CHT6094&view_mode=tiled&language=de&wide_preview=2&title=Angebot%20der%20Woche" target="_blank" class="v-button v-font-size" style="box-sizing: border-box;display: inline-block;text-decoration: none;-webkit-text-size-adjust: none;text-align: center;color: #FFFFFF; background-color: #7cdf29; border-radius: 4px;-webkit-border-radius: 4px; -moz-border-radius: 4px; width:100%; max-width:100%; overflow-wrap: break-word; word-break: break-word; word-wrap:break-word; mso-border-alt: none;font-size: 20px;">
      <span style="display:block;padding:10px 20px;line-height:120%;"><span style="line-height: 24px;">ZUM AKTIONSPREIS BESTELLEN</span></span>
    </a>
    <!--[if mso]></center></v:roundrect><![endif]-->
</div>

      </td>
    </tr>
  </tbody>
</table>

  <!--[if (!mso)&(!IE)]><!--></div><!--<![endif]-->
  </div>
</div>
<!--[if (mso)|(IE)]></td><![endif]-->
      <!--[if (mso)|(IE)]></tr></table></td></tr></table><![endif]-->
    </div>
  </div>
  </div>
  


  
  
<div class="u-row-container" style="padding: 0px;background-color: transparent">
  <div class="u-row" style="margin: 0 auto;min-width: 320px;max-width: 760px;overflow-wrap: break-word;word-wrap: break-word;word-break: break-word;background-color: transparent;">
    <div style="border-collapse: collapse;display: table;width: 100%;height: 100%;background-color: transparent;">
      <!--[if (mso)|(IE)]><table width="100%" cellpadding="0" cellspacing="0" border="0"><tr><td style="padding: 0px;background-color: transparent;" align="center"><table cellpadding="0" cellspacing="0" border="0" style="width:760px;"><tr style="background-color: transparent;"><![endif]-->
      
<!--[if (mso)|(IE)]><td align="center" width="760" style="width: 760px;padding: 0px;border-top: 0px solid transparent;border-left: 0px solid transparent;border-right: 0px solid transparent;border-bottom: 0px solid transparent;border-radius: 0px;-webkit-border-radius: 0px; -moz-border-radius: 0px;" valign="top"><![endif]-->
<div class="u-col u-col-100" style="max-width: 320px;min-width: 760px;display: table-cell;vertical-align: top;">
  <div style="height: 100%;width: 100% !important;border-radius: 0px;-webkit-border-radius: 0px; -moz-border-radius: 0px;">
  <!--[if (!mso)&(!IE)]><!--><div style="box-sizing: border-box; height: 100%; padding: 0px;border-top: 0px solid transparent;border-left: 0px solid transparent;border-right: 0px solid transparent;border-bottom: 0px solid transparent;border-radius: 0px;-webkit-border-radius: 0px; -moz-border-radius: 0px;"><!--<![endif]-->
  
<table style="font-family:arial,helvetica,sans-serif;" role="presentation" cellpadding="0" cellspacing="0" width="100%" border="0">
  <tbody>
    <tr>
      <td style="overflow-wrap:break-word;word-break:break-word;padding:10px;font-family:arial,helvetica,sans-serif;" align="left">
        
  <div class="v-font-size" style="font-size: 14px; line-height: 140%; text-align: left; word-wrap: break-word;">
    <p style="line-height: 140%;">{{respected}}<br /><br /><span data-offset-key="8mnj6-0-0" style="box-sizing: border-box; scrollbar-color: rgba(0, 0, 0, 0.6) rgba(0, 0, 0, 0.2); line-height: 19.6px; text-align: justify; color: #515151; background-color: #ffffff;"><span data-text="true" style="box-sizing: border-box; scrollbar-color: rgba(0, 0, 0, 0.6) rgba(0, 0, 0, 0.2); line-height: 19.6px; text-align: inherit;">Pflanzen Sie mit einem Wurf eine bunte Wiese! </span></span></p>
<p style="line-height: 140%;"> </p>
<p style="line-height: 140%;"><strong><span data-offset-key="8mnj6-0-1" style="box-sizing: border-box; scrollbar-color: rgba(0, 0, 0, 0.6) rgba(0, 0, 0, 0.2); line-height: 19.6px; text-align: justify; color: #515151; background-color: #ffffff;"><span data-text="true" style="box-sizing: border-box; scrollbar-color: rgba(0, 0, 0, 0.6) rgba(0, 0, 0, 0.2); line-height: 19.6px; text-align: inherit;">Bringen Sie Ihren Kindern oder Enkelkindern das Gärtnern näher </span></span></strong><span data-offset-key="8mnj6-0-2" style="box-sizing: border-box; scrollbar-color: rgba(0, 0, 0, 0.6) rgba(0, 0, 0, 0.2); line-height: 19.6px; text-align: justify; color: #515151; background-color: #ffffff;"><span data-text="true" style="box-sizing: border-box; scrollbar-color: rgba(0, 0, 0, 0.6) rgba(0, 0, 0, 0.2); line-height: 19.6px; text-align: inherit;">mit den</span></span><span data-offset-key="8mnj6-0-3" style="box-sizing: border-box; scrollbar-color: rgba(0, 0, 0, 0.6) rgba(0, 0, 0, 0.2); line-height: 19.6px; text-align: justify; background-color: #ffffff; color: #000000;"><span data-text="true" style="box-sizing: border-box; scrollbar-color: rgba(0, 0, 0, 0.6) rgba(0, 0, 0, 0.2); line-height: 19.6px; text-align: inherit;"> </span></span><span class="rte-entity-LINK" style="box-sizing: border-box; scrollbar-color: rgba(0, 0, 0, 0.6) rgba(0, 0, 0, 0.2); line-height: 19.6px; text-align: justify; color: #515151; background-color: #ffffff;"><a href="https://natura-punto.ch/de/individual_product_listing.php?refID=920&model=%20CHA6426,CHA16426,CHT6428,CHT6430,CHT6431,CHT6432,CHT6433,CHT6436,CHT6438,CHT6444,CHT6445,CHT6447,CHT6448,CHT6911,CHT6912,CHT6944,CHT6945,CHT6946,CHT6954,CHT7284,CHX3114,CHT6357,CHT5440,CHT5521,CHT5020,CHT6028,CHT6027,CHT6093,CHT5334,CHT6133,CHT5900,CHT6050,CHT5894,CHT6097,CHT5899,CHT5447,CHT5000,CHT5967,CHT6103,CHT5530,CHT6403,CHT6025,CHT5533,CHT6406,CHT5522,CHT5916,CHT6099,CHT5885,CHT5922,CHT5465,CHT5019,CHT5425,CHT5464,CHT6450,CHT5525,CHT6023,CHT6216,CHT5872,CHT5970,CHT7283,CHT6672,CHX2841,CHT6751,CHT6412,CHT5001,CHT5452,CHT6217,CHT5445,CHT6860,CHT6824,CHT6016,CHT6779,CHT6231,CHT5985,CHT6879,CHT5901,CHT5450,CHT5439,CHT6408,CHT6203,CHT6233,CHT6277,CHT6884,CHT6197,CHT5531,CHT6868,CHT5924,CHT5911,CHT6862,CHT6409,CHT5841,CHT6411,CHT6885,CHT6065,CHT6080,CHT6866,CHX4547,CHT6413,CHT6234,CHT6449,CHT6387,CHT6094&view_mode=tiled&language=de&wide_preview=2&title=Angebot%20der%20Woche" style="box-sizing: border-box; scrollbar-color: rgba(0, 0, 0, 0.6) rgba(0, 0, 0, 0.2); color: #515151; text-decoration-line: none; line-height: inherit; text-align: inherit;"><span data-offset-key="8mnj6-1-0" style="box-sizing: border-box; scrollbar-color: rgba(0, 0, 0, 0.6) rgba(0, 0, 0, 0.2); line-height: 19.6px; color: #8fae3e; text-align: inherit;"><span data-text="true" style="box-sizing: border-box; scrollbar-color: rgba(0, 0, 0, 0.6) rgba(0, 0, 0, 0.2); line-height: 19.6px; text-align: inherit;">bunten Blumenmurmeln</span></span></a></span><span data-offset-key="8mnj6-2-0" style="box-sizing: border-box; scrollbar-color: rgba(0, 0, 0, 0.6) rgba(0, 0, 0, 0.2); line-height: 19.6px; text-align: justify; color: #515151; background-color: #ffffff;"><span data-text="true" style="box-sizing: border-box; scrollbar-color: rgba(0, 0, 0, 0.6) rgba(0, 0, 0, 0.2); line-height: 19.6px; text-align: inherit;">. Werfen Sie die Murmeln einfach auf lockerer Erde aus, geben Sie Wasser hinzu und innerhalb kurzer Zeit entsteht ein Blumenmeer, welches Kinderaugen zum Strahlen bringt. </span></span></p>
<p style="line-height: 140%;"> </p>
<p style="line-height: 140%;"><span data-offset-key="8mnj6-2-0" style="box-sizing: border-box; scrollbar-color: rgba(0, 0, 0, 0.6) rgba(0, 0, 0, 0.2); line-height: 19.6px; text-align: justify; color: #515151; background-color: #ffffff;"><span data-text="true" style="box-sizing: border-box; scrollbar-color: rgba(0, 0, 0, 0.6) rgba(0, 0, 0, 0.2); line-height: 19.6px; text-align: inherit;">D</span></span><span data-offset-key="8mnj6-2-0" style="box-sizing: border-box; scrollbar-color: rgba(0, 0, 0, 0.6) rgba(0, 0, 0, 0.2); line-height: 19.6px; text-align: justify; color: #515151; background-color: #ffffff;"><span data-text="true" style="box-sizing: border-box; scrollbar-color: rgba(0, 0, 0, 0.6) rgba(0, 0, 0, 0.2); line-height: 19.6px; text-align: inherit;">ie Blumen wachsen in </span></span><span data-offset-key="8mnj6-2-1" style="box-sizing: border-box; scrollbar-color: rgba(0, 0, 0, 0.6) rgba(0, 0, 0, 0.2); line-height: 19.6px; text-align: justify; color: #515151; background-color: #ffffff;"><span data-text="true" style="box-sizing: border-box; scrollbar-color: rgba(0, 0, 0, 0.6) rgba(0, 0, 0, 0.2); line-height: 19.6px; text-align: inherit;">24 unterschiedlichen Sorten</span></span><span data-offset-key="8mnj6-2-2" style="box-sizing: border-box; scrollbar-color: rgba(0, 0, 0, 0.6) rgba(0, 0, 0, 0.2); line-height: 19.6px; text-align: justify; color: #515151; background-color: #ffffff;"><span data-text="true" style="box-sizing: border-box; scrollbar-color: rgba(0, 0, 0, 0.6) rgba(0, 0, 0, 0.2); line-height: 19.6px; text-align: inherit;">, wie zum Beispiel Kornrade, Ochsenzungen, Färberkamille, Kornblume, Strand-Silberkraut und vieles mehr. </span></span></p>
<p style="line-height: 140%;"> </p>
<p style="line-height: 140%;"><span data-offset-key="8mnj6-2-2" style="box-sizing: border-box; scrollbar-color: rgba(0, 0, 0, 0.6) rgba(0, 0, 0, 0.2); line-height: 19.6px; text-align: justify; color: #515151; background-color: #ffffff;"><span data-text="true" style="box-sizing: border-box; scrollbar-color: rgba(0, 0, 0, 0.6) rgba(0, 0, 0, 0.2); line-height: 19.6px; text-align: inherit;">Sind Sie auf der Suche nach einem sinnstiftenden Kindergeburtstags-Geschenk? Oder möchten Sie Ihre Kinder zu Ostern für die Natur sensibilisieren? Dann sind diese bunten Blumenmurmeln </span></span><span data-offset-key="8mnj6-2-3" style="box-sizing: border-box; scrollbar-color: rgba(0, 0, 0, 0.6) rgba(0, 0, 0, 0.2); line-height: 19.6px; text-align: justify; color: #515151; background-color: #ffffff;"><span data-text="true" style="box-sizing: border-box; scrollbar-color: rgba(0, 0, 0, 0.6) rgba(0, 0, 0, 0.2); line-height: 19.6px; text-align: inherit;">genau das Richtige für Sie</span></span><span data-offset-key="8mnj6-2-4" style="box-sizing: border-box; scrollbar-color: rgba(0, 0, 0, 0.6) rgba(0, 0, 0, 0.2); line-height: 19.6px; text-align: justify; color: #515151; background-color: #ffffff;"><span data-text="true" style="box-sizing: border-box; scrollbar-color: rgba(0, 0, 0, 0.6) rgba(0, 0, 0, 0.2); line-height: 19.6px; text-align: inherit;">. Diese Woche erhalten Sie</span></span><span data-offset-key="8mnj6-2-5" style="box-sizing: border-box; scrollbar-color: rgba(0, 0, 0, 0.6) rgba(0, 0, 0, 0.2); line-height: 19.6px; text-align: justify; background-color: #ffffff; color: #000000;"><span data-text="true" style="box-sizing: border-box; scrollbar-color: rgba(0, 0, 0, 0.6) rgba(0, 0, 0, 0.2); line-height: 19.6px; text-align: inherit;"> </span></span><span class="rte-entity-LINK" style="box-sizing: border-box; scrollbar-color: rgba(0, 0, 0, 0.6) rgba(0, 0, 0, 0.2); line-height: 19.6px; text-align: justify; color: #515151; background-color: #ffffff;"><a href="https://natura-punto.ch/de/individual_product_listing.php?refID=920&amp;model=%20CHA6426,CHA16426,CHT6428,CHT6430,CHT6431,CHT6432,CHT6433,CHT6436,CHT6438,CHT6444,CHT6445,CHT6447,CHT6448,CHT6911,CHT6912,CHT6944,CHT6945,CHT6946,CHT6954,CHT7284,CHX3114,CHT6357,CHT5440,CHT5521,CHT5020,CHT6028,CHT6027,CHT6093,CHT5334,CHT6133,CHT5900,CHT6050,CHT5894,CHT6097,CHT5899,CHT5447,CHT5000,CHT5967,CHT6103,CHT5530,CHT6403,CHT6025,CHT5533,CHT6406,CHT5522,CHT5916,CHT6099,CHT5885,CHT5922,CHT5465,CHT5019,CHT5425,CHT5464,CHT6450,CHT5525,CHT6023,CHT6216,CHT5872,CHT5970,CHT7283,CHT6672,CHX2841,CHT6751,CHT6412,CHT5001,CHT5452,CHT6217,CHT5445,CHT6860,CHT6824,CHT6016,CHT6779,CHT6231,CHT5985,CHT6879,CHT5901,CHT5450,CHT5439,CHT6408,CHT6203,CHT6233,CHT6277,CHT6884,CHT6197,CHT5531,CHT6868,CHT5924,CHT5911,CHT6862,CHT6409,CHT5841,CHT6411,CHT6885,CHT6065,CHT6080,CHT6866,CHX4547,CHT6413,CHT6234,CHT6449,CHT6387,CHT6094&amp;view_mode=tiled&amp;language=de&amp;wide_preview=2&amp;title=Angebot%20der%20Woche" style="box-sizing: border-box; scrollbar-color: rgba(0, 0, 0, 0.6) rgba(0, 0, 0, 0.2); color: #515151; text-decoration-line: none; line-height: inherit; text-align: inherit;"><span data-offset-key="8mnj6-3-0" style="box-sizing: border-box; scrollbar-color: rgba(0, 0, 0, 0.6) rgba(0, 0, 0, 0.2); line-height: 19.6px; color: #ff0000; text-align: inherit;"><span data-text="true" style="box-sizing: border-box; scrollbar-color: rgba(0, 0, 0, 0.6) rgba(0, 0, 0, 0.2); line-height: 19.6px; text-align: inherit;">2 Sets zu Sonderpreisen</span></span><span data-offset-key="8mnj6-3-1" style="box-sizing: border-box; scrollbar-color: rgba(0, 0, 0, 0.6) rgba(0, 0, 0, 0.2); line-height: 19.6px; text-align: inherit;">:</span><span data-offset-key="8mnj6-3-2" style="box-sizing: border-box; scrollbar-color: rgba(0, 0, 0, 0.6) rgba(0, 0, 0, 0.2); line-height: 19.6px; color: #000000; text-align: inherit;"><span data-text="true" style="box-sizing: border-box; scrollbar-color: rgba(0, 0, 0, 0.6) rgba(0, 0, 0, 0.2); line-height: 19.6px; text-align: inherit;"> </span></span><span data-offset-key="8mnj6-3-3" style="box-sizing: border-box; scrollbar-color: rgba(0, 0, 0, 0.6) rgba(0, 0, 0, 0.2); line-height: 19.6px; color: #8fae3e; text-align: inherit;"><span data-text="true" style="box-sizing: border-box; scrollbar-color: rgba(0, 0, 0, 0.6) rgba(0, 0, 0, 0.2); line-height: 19.6px; text-align: inherit;">25 wurfbereite Murmeln</span></span></a></span><span data-offset-key="8mnj6-4-0" style="box-sizing: border-box; scrollbar-color: rgba(0, 0, 0, 0.6) rgba(0, 0, 0, 0.2); line-height: 19.6px; text-align: justify; background-color: #ffffff; color: #0070c0;"><span data-text="true" style="box-sizing: border-box; scrollbar-color: rgba(0, 0, 0, 0.6) rgba(0, 0, 0, 0.2); line-height: 19.6px; text-align: inherit;"> </span></span><span data-offset-key="8mnj6-4-1" style="box-sizing: border-box; scrollbar-color: rgba(0, 0, 0, 0.6) rgba(0, 0, 0, 0.2); line-height: 19.6px; text-align: justify; color: #515151; background-color: #ffffff;"><span data-text="true" style="box-sizing: border-box; scrollbar-color: rgba(0, 0, 0, 0.6) rgba(0, 0, 0, 0.2); line-height: 19.6px; text-align: inherit;">und/oder ein</span></span><span data-offset-key="8mnj6-4-2" style="box-sizing: border-box; scrollbar-color: rgba(0, 0, 0, 0.6) rgba(0, 0, 0, 0.2); line-height: 19.6px; text-align: justify; background-color: #ffffff; color: #000000;"><span data-text="true" style="box-sizing: border-box; scrollbar-color: rgba(0, 0, 0, 0.6) rgba(0, 0, 0, 0.2); line-height: 19.6px; text-align: inherit;"> </span></span><span class="rte-entity-LINK" style="box-sizing: border-box; scrollbar-color: rgba(0, 0, 0, 0.6) rgba(0, 0, 0, 0.2); line-height: 19.6px; text-align: justify; color: #515151; background-color: #ffffff;"><a href="https://natura-punto.ch/de/individual_product_listing.php?refID=920&amp;model=%20CHA6426,CHA16426,CHT6428,CHT6430,CHT6431,CHT6432,CHT6433,CHT6436,CHT6438,CHT6444,CHT6445,CHT6447,CHT6448,CHT6911,CHT6912,CHT6944,CHT6945,CHT6946,CHT6954,CHT7284,CHX3114,CHT6357,CHT5440,CHT5521,CHT5020,CHT6028,CHT6027,CHT6093,CHT5334,CHT6133,CHT5900,CHT6050,CHT5894,CHT6097,CHT5899,CHT5447,CHT5000,CHT5967,CHT6103,CHT5530,CHT6403,CHT6025,CHT5533,CHT6406,CHT5522,CHT5916,CHT6099,CHT5885,CHT5922,CHT5465,CHT5019,CHT5425,CHT5464,CHT6450,CHT5525,CHT6023,CHT6216,CHT5872,CHT5970,CHT7283,CHT6672,CHX2841,CHT6751,CHT6412,CHT5001,CHT5452,CHT6217,CHT5445,CHT6860,CHT6824,CHT6016,CHT6779,CHT6231,CHT5985,CHT6879,CHT5901,CHT5450,CHT5439,CHT6408,CHT6203,CHT6233,CHT6277,CHT6884,CHT6197,CHT5531,CHT6868,CHT5924,CHT5911,CHT6862,CHT6409,CHT5841,CHT6411,CHT6885,CHT6065,CHT6080,CHT6866,CHX4547,CHT6413,CHT6234,CHT6449,CHT6387,CHT6094&amp;view_mode=tiled&amp;language=de&amp;wide_preview=2&amp;title=Angebot%20der%20Woche" style="box-sizing: border-box; scrollbar-color: rgba(0, 0, 0, 0.6) rgba(0, 0, 0, 0.2); color: #515151; text-decoration-line: none; line-height: inherit; text-align: inherit;"><span data-offset-key="8mnj6-5-0" style="box-sizing: border-box; scrollbar-color: rgba(0, 0, 0, 0.6) rgba(0, 0, 0, 0.2); line-height: 19.6px; color: #8fae3e; text-align: inherit;"><span data-text="true" style="box-sizing: border-box; scrollbar-color: rgba(0, 0, 0, 0.6) rgba(0, 0, 0, 0.2); line-height: 19.6px; text-align: inherit;">Kit mit 30 Blumenmurmeln zum Selbermachen.</span></span></a></span></p>
<p style="line-height: 140%;"> </p>
<div style="box-sizing: border-box; scrollbar-color: rgba(0, 0, 0, 0.6) rgba(0, 0, 0, 0.2); line-height: inherit; text-align: justify; color: #515151; -wrap; background-color: #ffffff;" data-block="true" data-editor="7m1nf" data-offset-key="7gqif-0-0">
<div class="public-DraftStyleDefault-block public-DraftStyleDefault-ltr" style="box-sizing: border-box; scrollbar-color: rgba(0, 0, 0, 0.6) rgba(0, 0, 0, 0.2); position: relative; -line; direction: ltr; line-height: inherit; text-align: inherit;" data-offset-key="7gqif-0-0"><span data-offset-key="7gqif-0-0" style="box-sizing: border-box; scrollbar-color: rgba(0, 0, 0, 0.6) rgba(0, 0, 0, 0.2); line-height: 19.6px; text-align: inherit;">Willkommen zurück im Garten! </span></div>
</div>
<div style="box-sizing: border-box; scrollbar-color: rgba(0, 0, 0, 0.6) rgba(0, 0, 0, 0.2); line-height: inherit; text-align: justify; color: #515151; -wrap; background-color: #ffffff;" data-block="true" data-editor="7m1nf" data-offset-key="611au-0-0">
<div class="public-DraftStyleDefault-block public-DraftStyleDefault-ltr" style="box-sizing: border-box; scrollbar-color: rgba(0, 0, 0, 0.6) rgba(0, 0, 0, 0.2); position: relative; -line; direction: ltr; line-height: inherit; text-align: inherit;" data-offset-key="611au-0-0"><span data-offset-key="611au-0-0" style="box-sizing: border-box; scrollbar-color: rgba(0, 0, 0, 0.6) rgba(0, 0, 0, 0.2); line-height: 19.6px; text-align: inherit;">Viele Grüsse aus Pratteln</span></div>
</div>
  </div>

      </td>
    </tr>
  </tbody>
</table>

  <!--[if (!mso)&(!IE)]><!--></div><!--<![endif]-->
  </div>
</div>
<!--[if (mso)|(IE)]></td><![endif]-->
      <!--[if (mso)|(IE)]></tr></table></td></tr></table><![endif]-->
    </div>
  </div>
  </div>
  


  
  
<div class="u-row-container" style="padding: 0px;background-color: transparent">
  <div class="u-row" style="margin: 0 auto;min-width: 320px;max-width: 760px;overflow-wrap: break-word;word-wrap: break-word;word-break: break-word;background-color: transparent;">
    <div style="border-collapse: collapse;display: table;width: 100%;height: 100%;background-color: transparent;">
      <!--[if (mso)|(IE)]><table width="100%" cellpadding="0" cellspacing="0" border="0"><tr><td style="padding: 0px;background-color: transparent;" align="center"><table cellpadding="0" cellspacing="0" border="0" style="width:760px;"><tr style="background-color: transparent;"><![endif]-->
      
<!--[if (mso)|(IE)]><td align="center" width="760" style="width: 760px;padding: 0px;border-top: 0px solid transparent;border-left: 0px solid transparent;border-right: 0px solid transparent;border-bottom: 0px solid transparent;border-radius: 0px;-webkit-border-radius: 0px; -moz-border-radius: 0px;" valign="top"><![endif]-->
<div class="u-col u-col-100" style="max-width: 320px;min-width: 760px;display: table-cell;vertical-align: top;">
  <div style="height: 100%;width: 100% !important;border-radius: 0px;-webkit-border-radius: 0px; -moz-border-radius: 0px;">
  <!--[if (!mso)&(!IE)]><!--><div style="box-sizing: border-box; height: 100%; padding: 0px;border-top: 0px solid transparent;border-left: 0px solid transparent;border-right: 0px solid transparent;border-bottom: 0px solid transparent;border-radius: 0px;-webkit-border-radius: 0px; -moz-border-radius: 0px;"><!--<![endif]-->
  
<table style="font-family:arial,helvetica,sans-serif;" role="presentation" cellpadding="0" cellspacing="0" width="100%" border="0">
  <tbody>
    <tr>
      <td style="overflow-wrap:break-word;word-break:break-word;padding:10px;font-family:arial,helvetica,sans-serif;" align="left">
        
<table width="100%" cellpadding="0" cellspacing="0" border="0">
  <tr>
    <td style="padding-right: 0px;padding-left: 0px;" align="left">
      
      <img align="left" border="0" src="https://natura-punto.ch/images/mailing/Julia-Steiner-Signatur.png" alt="" title="" style="outline: none;text-decoration: none;-ms-interpolation-mode: bicubic;clear: both;display: inline-block !important;border: none;height: auto;float: none;width: 100%;max-width: 200px;" width="200"/>
      
    </td>
  </tr>
</table>

      </td>
    </tr>
  </tbody>
</table>

  <!--[if (!mso)&(!IE)]><!--></div><!--<![endif]-->
  </div>
</div>
<!--[if (mso)|(IE)]></td><![endif]-->
      <!--[if (mso)|(IE)]></tr></table></td></tr></table><![endif]-->
    </div>
  </div>
  </div>
  


  
  
<div class="u-row-container" style="padding: 0px;background-color: transparent">
  <div class="u-row" style="margin: 0 auto;min-width: 320px;max-width: 760px;overflow-wrap: break-word;word-wrap: break-word;word-break: break-word;background-color: transparent;">
    <div style="border-collapse: collapse;display: table;width: 100%;height: 100%;background-color: transparent;">
      <!--[if (mso)|(IE)]><table width="100%" cellpadding="0" cellspacing="0" border="0"><tr><td style="padding: 0px;background-color: transparent;" align="center"><table cellpadding="0" cellspacing="0" border="0" style="width:760px;"><tr style="background-color: transparent;"><![endif]-->
      
<!--[if (mso)|(IE)]><td align="center" width="760" style="width: 760px;padding: 0px;border-top: 0px solid transparent;border-left: 0px solid transparent;border-right: 0px solid transparent;border-bottom: 0px solid transparent;border-radius: 0px;-webkit-border-radius: 0px; -moz-border-radius: 0px;" valign="top"><![endif]-->
<div class="u-col u-col-100" style="max-width: 320px;min-width: 760px;display: table-cell;vertical-align: top;">
  <div style="height: 100%;width: 100% !important;border-radius: 0px;-webkit-border-radius: 0px; -moz-border-radius: 0px;">
  <!--[if (!mso)&(!IE)]><!--><div style="box-sizing: border-box; height: 100%; padding: 0px;border-top: 0px solid transparent;border-left: 0px solid transparent;border-right: 0px solid transparent;border-bottom: 0px solid transparent;border-radius: 0px;-webkit-border-radius: 0px; -moz-border-radius: 0px;"><!--<![endif]-->
  
<table style="font-family:arial,helvetica,sans-serif;" role="presentation" cellpadding="0" cellspacing="0" width="100%" border="0">
  <tbody>
    <tr>
      <td style="overflow-wrap:break-word;word-break:break-word;padding:10px;font-family:arial,helvetica,sans-serif;" align="left">
        
  <div class="v-font-size" style="font-size: 14px; line-height: 140%; text-align: left; word-wrap: break-word;">
    <p style="line-height: 140%;"><strong><span style="color: #515151; text-align: left; background-color: #ffffff; float: none; display: inline; line-height: 19.6px;">Und Ihr natura-punto-Team</span></strong></p>
  </div>

      </td>
    </tr>
  </tbody>
</table>

  <!--[if (!mso)&(!IE)]><!--></div><!--<![endif]-->
  </div>
</div>
<!--[if (mso)|(IE)]></td><![endif]-->
      <!--[if (mso)|(IE)]></tr></table></td></tr></table><![endif]-->
    </div>
  </div>
  </div>
  


  
  
<div class="u-row-container" style="padding: 0px;background-color: transparent">
  <div class="u-row" style="margin: 0 auto;min-width: 320px;max-width: 760px;overflow-wrap: break-word;word-wrap: break-word;word-break: break-word;background-color: transparent;">
    <div style="border-collapse: collapse;display: table;width: 100%;height: 100%;background-color: transparent;">
      <!--[if (mso)|(IE)]><table width="100%" cellpadding="0" cellspacing="0" border="0"><tr><td style="padding: 0px;background-color: transparent;" align="center"><table cellpadding="0" cellspacing="0" border="0" style="width:760px;"><tr style="background-color: transparent;"><![endif]-->
      
<!--[if (mso)|(IE)]><td align="center" width="760" style="width: 760px;padding: 0px;border-top: 0px solid transparent;border-left: 0px solid transparent;border-right: 0px solid transparent;border-bottom: 0px solid transparent;border-radius: 0px;-webkit-border-radius: 0px; -moz-border-radius: 0px;" valign="top"><![endif]-->
<div class="u-col u-col-100" style="max-width: 320px;min-width: 760px;display: table-cell;vertical-align: top;">
  <div style="height: 100%;width: 100% !important;border-radius: 0px;-webkit-border-radius: 0px; -moz-border-radius: 0px;">
  <!--[if (!mso)&(!IE)]><!--><div style="box-sizing: border-box; height: 100%; padding: 0px;border-top: 0px solid transparent;border-left: 0px solid transparent;border-right: 0px solid transparent;border-bottom: 0px solid transparent;border-radius: 0px;-webkit-border-radius: 0px; -moz-border-radius: 0px;"><!--<![endif]-->
  
<table style="font-family:arial,helvetica,sans-serif;" role="presentation" cellpadding="0" cellspacing="0" width="100%" border="0">
  <tbody>
    <tr>
      <td style="overflow-wrap:break-word;word-break:break-word;padding:10px;font-family:arial,helvetica,sans-serif;" align="left">
        
  <div class="v-font-size" style="font-size: 14px; line-height: 140%; text-align: left; word-wrap: break-word;">
    <p style="line-height: 140%;"><strong><span style="color: #515151; text-align: justify; background-color: #ffffff; float: none; display: inline; line-height: 19.6px;">Entdecken Sie auch:</span></strong></p>
  </div>

      </td>
    </tr>
  </tbody>
</table>

  <!--[if (!mso)&(!IE)]><!--></div><!--<![endif]-->
  </div>
</div>
<!--[if (mso)|(IE)]></td><![endif]-->
      <!--[if (mso)|(IE)]></tr></table></td></tr></table><![endif]-->
    </div>
  </div>
  </div>
  


  
  
<div class="u-row-container" style="padding: 0px;background-color: transparent">
  <div class="u-row" style="margin: 0 auto;min-width: 320px;max-width: 760px;overflow-wrap: break-word;word-wrap: break-word;word-break: break-word;background-color: transparent;">
    <div style="border-collapse: collapse;display: table;width: 100%;height: 100%;background-color: transparent;">
      <!--[if (mso)|(IE)]><table width="100%" cellpadding="0" cellspacing="0" border="0"><tr><td style="padding: 0px;background-color: transparent;" align="center"><table cellpadding="0" cellspacing="0" border="0" style="width:760px;"><tr style="background-color: transparent;"><![endif]-->
      
<!--[if (mso)|(IE)]><td align="center" width="253" style="width: 253px;padding: 0px;border-top: 0px solid transparent;border-left: 0px solid transparent;border-right: 0px solid transparent;border-bottom: 0px solid transparent;border-radius: 0px;-webkit-border-radius: 0px; -moz-border-radius: 0px;" valign="top"><![endif]-->
<div class="u-col u-col-33p33" style="max-width: 320px;min-width: 253.33px;display: table-cell;vertical-align: top;">
  <div style="height: 100%;width: 100% !important;border-radius: 0px;-webkit-border-radius: 0px; -moz-border-radius: 0px;">
  <!--[if (!mso)&(!IE)]><!--><div style="box-sizing: border-box; height: 100%; padding: 0px;border-top: 0px solid transparent;border-left: 0px solid transparent;border-right: 0px solid transparent;border-bottom: 0px solid transparent;border-radius: 0px;-webkit-border-radius: 0px; -moz-border-radius: 0px;"><!--<![endif]-->
  
<table style="font-family:arial,helvetica,sans-serif;" role="presentation" cellpadding="0" cellspacing="0" width="100%" border="0">
  <tbody>
    <tr>
      <td style="overflow-wrap:break-word;word-break:break-word;padding:10px;font-family:arial,helvetica,sans-serif;" align="left">
        
<table width="100%" cellpadding="0" cellspacing="0" border="0">
  <tr>
    <td style="padding-right: 0px;padding-left: 0px;" align="center">
      <a href="https://natura-punto.ch/de/olivenholz/?refID=920" target="_blank">
      <img align="center" border="0" src="https://images.natura-punto.ch/images/mailing/2023_246x246_natura_olivenholz_DE.jpg" alt="Körperpflege" title="Körperpflege" style="outline: none;text-decoration: none;-ms-interpolation-mode: bicubic;clear: both;display: inline-block !important;border: none;height: auto;float: none;width: 100%;max-width: 233.33px;" width="233.33"/>
      </a>
    </td>
  </tr>
</table>

      </td>
    </tr>
  </tbody>
</table>

  <!--[if (!mso)&(!IE)]><!--></div><!--<![endif]-->
  </div>
</div>
<!--[if (mso)|(IE)]></td><![endif]-->
<!--[if (mso)|(IE)]><td align="center" width="506" style="width: 506px;padding: 0px;border-top: 0px solid transparent;border-left: 0px solid transparent;border-right: 0px solid transparent;border-bottom: 0px solid transparent;border-radius: 0px;-webkit-border-radius: 0px; -moz-border-radius: 0px;" valign="top"><![endif]-->
<div class="u-col u-col-66p67" style="max-width: 320px;min-width: 506.67px;display: table-cell;vertical-align: top;">
  <div style="height: 100%;width: 100% !important;border-radius: 0px;-webkit-border-radius: 0px; -moz-border-radius: 0px;">
  <!--[if (!mso)&(!IE)]><!--><div style="box-sizing: border-box; height: 100%; padding: 0px;border-top: 0px solid transparent;border-left: 0px solid transparent;border-right: 0px solid transparent;border-bottom: 0px solid transparent;border-radius: 0px;-webkit-border-radius: 0px; -moz-border-radius: 0px;"><!--<![endif]-->
  
<table style="font-family:arial,helvetica,sans-serif;" role="presentation" cellpadding="0" cellspacing="0" width="100%" border="0">
  <tbody>
    <tr>
      <td style="overflow-wrap:break-word;word-break:break-word;padding:10px;font-family:arial,helvetica,sans-serif;" align="left">
        
<table width="100%" cellpadding="0" cellspacing="0" border="0">
  <tr>
    <td style="padding-right: 0px;padding-left: 0px;" align="center">
      <a href="https://natura-punto.ch/de/info/boho-style.html?refID=920" target="_blank">
      <img align="center" border="0" src="https://images.natura-punto.ch/images/mailing/2023_503x246_natura_boho_DE.jpg" alt="Boho-Style" title="Boho-Style" style="outline: none;text-decoration: none;-ms-interpolation-mode: bicubic;clear: both;display: inline-block !important;border: none;height: auto;float: none;width: 100%;max-width: 486.67px;" width="486.67"/>
      </a>
    </td>
  </tr>
</table>

      </td>
    </tr>
  </tbody>
</table>

  <!--[if (!mso)&(!IE)]><!--></div><!--<![endif]-->
  </div>
</div>
<!--[if (mso)|(IE)]></td><![endif]-->
      <!--[if (mso)|(IE)]></tr></table></td></tr></table><![endif]-->
    </div>
  </div>
  </div>
  


  
  
<div class="u-row-container" style="padding: 0px;background-color: transparent">
  <div class="u-row" style="margin: 0 auto;min-width: 320px;max-width: 760px;overflow-wrap: break-word;word-wrap: break-word;word-break: break-word;background-color: transparent;">
    <div style="border-collapse: collapse;display: table;width: 100%;height: 100%;background-color: transparent;">
      <!--[if (mso)|(IE)]><table width="100%" cellpadding="0" cellspacing="0" border="0"><tr><td style="padding: 0px;background-color: transparent;" align="center"><table cellpadding="0" cellspacing="0" border="0" style="width:760px;"><tr style="background-color: transparent;"><![endif]-->
      
<!--[if (mso)|(IE)]><td align="center" width="253" style="width: 253px;padding: 0px;border-top: 0px solid transparent;border-left: 0px solid transparent;border-right: 0px solid transparent;border-bottom: 0px solid transparent;border-radius: 0px;-webkit-border-radius: 0px; -moz-border-radius: 0px;" valign="top"><![endif]-->
<div class="u-col u-col-33p33" style="max-width: 320px;min-width: 253.33px;display: table-cell;vertical-align: top;">
  <div style="height: 100%;width: 100% !important;border-radius: 0px;-webkit-border-radius: 0px; -moz-border-radius: 0px;">
  <!--[if (!mso)&(!IE)]><!--><div style="box-sizing: border-box; height: 100%; padding: 0px;border-top: 0px solid transparent;border-left: 0px solid transparent;border-right: 0px solid transparent;border-bottom: 0px solid transparent;border-radius: 0px;-webkit-border-radius: 0px; -moz-border-radius: 0px;"><!--<![endif]-->
  
<table style="font-family:arial,helvetica,sans-serif;" role="presentation" cellpadding="0" cellspacing="0" width="100%" border="0">
  <tbody>
    <tr>
      <td style="overflow-wrap:break-word;word-break:break-word;padding:10px;font-family:arial,helvetica,sans-serif;" align="left">
        
<table width="100%" cellpadding="0" cellspacing="0" border="0">
  <tr>
    <td style="padding-right: 0px;padding-left: 0px;" align="center">
      <a href="https://natura-punto.ch/de/haushalt-wohnen/moebel-und-wohnen/?refID=920" target="_blank">
      <img align="center" border="0" src="https://images.natura-punto.ch/images/mailing/2023_246x246_natura_mobel-&-wohnen_DE.jpg" alt="Möbel & Wohnen" title="Möbel & Wohnen" style="outline: none;text-decoration: none;-ms-interpolation-mode: bicubic;clear: both;display: inline-block !important;border: none;height: auto;float: none;width: 100%;max-width: 233.33px;" width="233.33"/>
      </a>
    </td>
  </tr>
</table>

      </td>
    </tr>
  </tbody>
</table>

  <!--[if (!mso)&(!IE)]><!--></div><!--<![endif]-->
  </div>
</div>
<!--[if (mso)|(IE)]></td><![endif]-->
<!--[if (mso)|(IE)]><td align="center" width="253" style="width: 253px;padding: 0px;border-top: 0px solid transparent;border-left: 0px solid transparent;border-right: 0px solid transparent;border-bottom: 0px solid transparent;border-radius: 0px;-webkit-border-radius: 0px; -moz-border-radius: 0px;" valign="top"><![endif]-->
<div class="u-col u-col-33p33" style="max-width: 320px;min-width: 253.33px;display: table-cell;vertical-align: top;">
  <div style="height: 100%;width: 100% !important;border-radius: 0px;-webkit-border-radius: 0px; -moz-border-radius: 0px;">
  <!--[if (!mso)&(!IE)]><!--><div style="box-sizing: border-box; height: 100%; padding: 0px;border-top: 0px solid transparent;border-left: 0px solid transparent;border-right: 0px solid transparent;border-bottom: 0px solid transparent;border-radius: 0px;-webkit-border-radius: 0px; -moz-border-radius: 0px;"><!--<![endif]-->
  
<table style="font-family:arial,helvetica,sans-serif;" role="presentation" cellpadding="0" cellspacing="0" width="100%" border="0">
  <tbody>
    <tr>
      <td style="overflow-wrap:break-word;word-break:break-word;padding:10px;font-family:arial,helvetica,sans-serif;" align="left">
        
<table width="100%" cellpadding="0" cellspacing="0" border="0">
  <tr>
    <td style="padding-right: 0px;padding-left: 0px;" align="center">
      <a href="https://natura-punto.ch/de/haushalt-wohnen/aufbewahren-verstauen/?refID=920" target="_blank">
      <img align="center" border="0" src="https://images.natura-punto.ch/images/mailing/2023_246x246_natura_aufbewahren-&-verstauen_DE.jpg" alt="Aufbewahren und Verstauen" title="Aufbewahren und Verstauen" style="outline: none;text-decoration: none;-ms-interpolation-mode: bicubic;clear: both;display: inline-block !important;border: none;height: auto;float: none;width: 100%;max-width: 233.33px;" width="233.33"/>
      </a>
    </td>
  </tr>
</table>

      </td>
    </tr>
  </tbody>
</table>

  <!--[if (!mso)&(!IE)]><!--></div><!--<![endif]-->
  </div>
</div>
<!--[if (mso)|(IE)]></td><![endif]-->
<!--[if (mso)|(IE)]><td align="center" width="253" style="width: 253px;padding: 0px;border-top: 0px solid transparent;border-left: 0px solid transparent;border-right: 0px solid transparent;border-bottom: 0px solid transparent;border-radius: 0px;-webkit-border-radius: 0px; -moz-border-radius: 0px;" valign="top"><![endif]-->
<div class="u-col u-col-33p33" style="max-width: 320px;min-width: 253.33px;display: table-cell;vertical-align: top;">
  <div style="height: 100%;width: 100% !important;border-radius: 0px;-webkit-border-radius: 0px; -moz-border-radius: 0px;">
  <!--[if (!mso)&(!IE)]><!--><div style="box-sizing: border-box; height: 100%; padding: 0px;border-top: 0px solid transparent;border-left: 0px solid transparent;border-right: 0px solid transparent;border-bottom: 0px solid transparent;border-radius: 0px;-webkit-border-radius: 0px; -moz-border-radius: 0px;"><!--<![endif]-->
  
<table style="font-family:arial,helvetica,sans-serif;" role="presentation" cellpadding="0" cellspacing="0" width="100%" border="0">
  <tbody>
    <tr>
      <td style="overflow-wrap:break-word;word-break:break-word;padding:10px;font-family:arial,helvetica,sans-serif;" align="left">
        
<table width="100%" cellpadding="0" cellspacing="0" border="0">
  <tr>
    <td style="padding-right: 0px;padding-left: 0px;" align="center">
      <a href="https://natura-punto.ch/de/sale/?refID=920" target="_blank">
      <img align="center" border="0" src="https://images.natura-punto.ch/images/mailing/2023_246x246_natura_sale_DE.jpg" alt="Sale" title="Sale" style="outline: none;text-decoration: none;-ms-interpolation-mode: bicubic;clear: both;display: inline-block !important;border: none;height: auto;float: none;width: 100%;max-width: 233.33px;" width="233.33"/>
      </a>
    </td>
  </tr>
</table>

      </td>
    </tr>
  </tbody>
</table>

  <!--[if (!mso)&(!IE)]><!--></div><!--<![endif]-->
  </div>
</div>
<!--[if (mso)|(IE)]></td><![endif]-->
      <!--[if (mso)|(IE)]></tr></table></td></tr></table><![endif]-->
    </div>
  </div>
  </div>
  


  
  
<div class="u-row-container" style="padding: 0px;background-color: transparent">
  <div class="u-row" style="margin: 0 auto;min-width: 320px;max-width: 760px;overflow-wrap: break-word;word-wrap: break-word;word-break: break-word;background-color: transparent;">
    <div style="border-collapse: collapse;display: table;width: 100%;height: 100%;background-color: transparent;">
      <!--[if (mso)|(IE)]><table width="100%" cellpadding="0" cellspacing="0" border="0"><tr><td style="padding: 0px;background-color: transparent;" align="center"><table cellpadding="0" cellspacing="0" border="0" style="width:760px;"><tr style="background-color: transparent;"><![endif]-->
      
<!--[if (mso)|(IE)]><td align="center" width="760" style="width: 760px;padding: 0px;border-top: 0px solid transparent;border-left: 0px solid transparent;border-right: 0px solid transparent;border-bottom: 0px solid transparent;border-radius: 0px;-webkit-border-radius: 0px; -moz-border-radius: 0px;" valign="top"><![endif]-->
<div class="u-col u-col-100" style="max-width: 320px;min-width: 760px;display: table-cell;vertical-align: top;">
  <div style="height: 100%;width: 100% !important;border-radius: 0px;-webkit-border-radius: 0px; -moz-border-radius: 0px;">
  <!--[if (!mso)&(!IE)]><!--><div style="box-sizing: border-box; height: 100%; padding: 0px;border-top: 0px solid transparent;border-left: 0px solid transparent;border-right: 0px solid transparent;border-bottom: 0px solid transparent;border-radius: 0px;-webkit-border-radius: 0px; -moz-border-radius: 0px;"><!--<![endif]-->
  
<table style="font-family:arial,helvetica,sans-serif;" role="presentation" cellpadding="0" cellspacing="0" width="100%" border="0">
  <tbody>
    <tr>
      <td style="overflow-wrap:break-word;word-break:break-word;padding:10px;font-family:arial,helvetica,sans-serif;" align="left">
        
  <div class="v-font-size" style="font-size: 14px; line-height: 140%; text-align: left; word-wrap: break-word;">
    <p style="line-height: 140%;"><span style="color: #6e4e38; text-align: left; background-color: #ffffff; float: none; display: inline; line-height: 19.6px;">Ihre Vorteile bei Natura-Punto:</span></p>
  </div>

      </td>
    </tr>
  </tbody>
</table>

  <!--[if (!mso)&(!IE)]><!--></div><!--<![endif]-->
  </div>
</div>
<!--[if (mso)|(IE)]></td><![endif]-->
      <!--[if (mso)|(IE)]></tr></table></td></tr></table><![endif]-->
    </div>
  </div>
  </div>
  


  
  
<div class="u-row-container" style="padding: 0px;background-color: transparent">
  <div class="u-row" style="margin: 0 auto;min-width: 320px;max-width: 760px;overflow-wrap: break-word;word-wrap: break-word;word-break: break-word;background-color: transparent;">
    <div style="border-collapse: collapse;display: table;width: 100%;height: 100%;background-color: transparent;">
      <!--[if (mso)|(IE)]><table width="100%" cellpadding="0" cellspacing="0" border="0"><tr><td style="padding: 0px;background-color: transparent;" align="center"><table cellpadding="0" cellspacing="0" border="0" style="width:760px;"><tr style="background-color: transparent;"><![endif]-->
      
<!--[if (mso)|(IE)]><td align="center" width="760" style="width: 760px;padding: 0px;border-top: 0px solid transparent;border-left: 0px solid transparent;border-right: 0px solid transparent;border-bottom: 0px solid transparent;border-radius: 0px;-webkit-border-radius: 0px; -moz-border-radius: 0px;" valign="top"><![endif]-->
<div class="u-col u-col-100" style="max-width: 320px;min-width: 760px;display: table-cell;vertical-align: top;">
  <div style="height: 100%;width: 100% !important;border-radius: 0px;-webkit-border-radius: 0px; -moz-border-radius: 0px;">
  <!--[if (!mso)&(!IE)]><!--><div style="box-sizing: border-box; height: 100%; padding: 0px;border-top: 0px solid transparent;border-left: 0px solid transparent;border-right: 0px solid transparent;border-bottom: 0px solid transparent;border-radius: 0px;-webkit-border-radius: 0px; -moz-border-radius: 0px;"><!--<![endif]-->
  
<table style="font-family:arial,helvetica,sans-serif;" role="presentation" cellpadding="0" cellspacing="0" width="100%" border="0">
  <tbody>
    <tr>
      <td style="overflow-wrap:break-word;word-break:break-word;padding:10px;font-family:arial,helvetica,sans-serif;" align="left">
        
<table width="100%" cellpadding="0" cellspacing="0" border="0">
  <tr>
    <td style="padding-right: 0px;padding-left: 0px;" align="center">
      <a href="https://natura-punto.ch/de/?refID=920" target="_blank">
      <img align="center" border="0" src="https://www.pearl.ch/images/mailing/CHDE-Natura-Footer-2021.jpg" alt="Vorteile" title="Vorteile" style="outline: none;text-decoration: none;-ms-interpolation-mode: bicubic;clear: both;display: inline-block !important;border: none;height: auto;float: none;width: 100%;max-width: 738px;" width="738"/>
      </a>
    </td>
  </tr>
</table>

      </td>
    </tr>
  </tbody>
</table>

  <!--[if (!mso)&(!IE)]><!--></div><!--<![endif]-->
  </div>
</div>
<!--[if (mso)|(IE)]></td><![endif]-->
      <!--[if (mso)|(IE)]></tr></table></td></tr></table><![endif]-->
    </div>
  </div>
  </div>
  


  
  
<div class="u-row-container" style="padding: 0px;background-color: transparent">
  <div class="u-row" style="margin: 0 auto;min-width: 320px;max-width: 760px;overflow-wrap: break-word;word-wrap: break-word;word-break: break-word;background-color: transparent;">
    <div style="border-collapse: collapse;display: table;width: 100%;height: 100%;background-color: transparent;">
      <!--[if (mso)|(IE)]><table width="100%" cellpadding="0" cellspacing="0" border="0"><tr><td style="padding: 0px;background-color: transparent;" align="center"><table cellpadding="0" cellspacing="0" border="0" style="width:760px;"><tr style="background-color: transparent;"><![endif]-->
      
<!--[if (mso)|(IE)]><td align="center" width="760" style="width: 760px;padding: 0px;border-top: 0px solid transparent;border-left: 0px solid transparent;border-right: 0px solid transparent;border-bottom: 0px solid transparent;border-radius: 0px;-webkit-border-radius: 0px; -moz-border-radius: 0px;" valign="top"><![endif]-->
<div class="u-col u-col-100" style="max-width: 320px;min-width: 760px;display: table-cell;vertical-align: top;">
  <div style="height: 100%;width: 100% !important;border-radius: 0px;-webkit-border-radius: 0px; -moz-border-radius: 0px;">
  <!--[if (!mso)&(!IE)]><!--><div style="box-sizing: border-box; height: 100%; padding: 0px;border-top: 0px solid transparent;border-left: 0px solid transparent;border-right: 0px solid transparent;border-bottom: 0px solid transparent;border-radius: 0px;-webkit-border-radius: 0px; -moz-border-radius: 0px;"><!--<![endif]-->
  
<table style="font-family:arial,helvetica,sans-serif;" role="presentation" cellpadding="0" cellspacing="0" width="100%" border="0">
  <tbody>
    <tr>
      <td style="overflow-wrap:break-word;word-break:break-word;padding:10px;font-family:arial,helvetica,sans-serif;" align="left">
        
<table width="100%" cellpadding="0" cellspacing="0" border="0">
  <tr>
    <td style="padding-right: 0px;padding-left: 0px;" align="center">
      <a href="https://natura-punto.ch/de/?refID=920" target="_blank">
      <img align="center" border="0" src="https://images.natura-punto.ch/images/image/zahlarten-mail-2023-DE.png" alt="Zahlungsarten" title="Zahlungsarten" style="outline: none;text-decoration: none;-ms-interpolation-mode: bicubic;clear: both;display: inline-block !important;border: none;height: auto;float: none;width: 100%;max-width: 740px;" width="740"/>
      </a>
    </td>
  </tr>
</table>

      </td>
    </tr>
  </tbody>
</table>

  <!--[if (!mso)&(!IE)]><!--></div><!--<![endif]-->
  </div>
</div>
<!--[if (mso)|(IE)]></td><![endif]-->
      <!--[if (mso)|(IE)]></tr></table></td></tr></table><![endif]-->
    </div>
  </div>
  </div>
  


  
  
<div class="u-row-container" style="padding: 0px;background-color: transparent">
  <div class="u-row" style="margin: 0 auto;min-width: 320px;max-width: 760px;overflow-wrap: break-word;word-wrap: break-word;word-break: break-word;background-color: transparent;">
    <div style="border-collapse: collapse;display: table;width: 100%;height: 100%;background-color: transparent;">
      <!--[if (mso)|(IE)]><table width="100%" cellpadding="0" cellspacing="0" border="0"><tr><td style="padding: 0px;background-color: transparent;" align="center"><table cellpadding="0" cellspacing="0" border="0" style="width:760px;"><tr style="background-color: transparent;"><![endif]-->
      
<!--[if (mso)|(IE)]><td align="center" width="380" style="background-color: #efefef;width: 380px;padding: 0px;border-top: 0px solid transparent;border-left: 0px solid transparent;border-right: 0px solid transparent;border-bottom: 0px solid transparent;border-radius: 0px;-webkit-border-radius: 0px; -moz-border-radius: 0px;" valign="top"><![endif]-->
<div class="u-col u-col-50" style="max-width: 320px;min-width: 380px;display: table-cell;vertical-align: top;">
  <div style="background-color: #efefef;height: 100%;width: 100% !important;border-radius: 0px;-webkit-border-radius: 0px; -moz-border-radius: 0px;">
  <!--[if (!mso)&(!IE)]><!--><div style="box-sizing: border-box; height: 100%; padding: 0px;border-top: 0px solid transparent;border-left: 0px solid transparent;border-right: 0px solid transparent;border-bottom: 0px solid transparent;border-radius: 0px;-webkit-border-radius: 0px; -moz-border-radius: 0px;"><!--<![endif]-->
  
<table style="font-family:arial,helvetica,sans-serif;" role="presentation" cellpadding="0" cellspacing="0" width="100%" border="0">
  <tbody>
    <tr>
      <td style="overflow-wrap:break-word;word-break:break-word;padding:10px;font-family:arial,helvetica,sans-serif;" align="left">
        
  <div class="v-font-size" style="font-size: 14px; line-height: 140%; text-align: left; word-wrap: break-word;">
    <div style="box-sizing: border-box; scrollbar-color: rgba(0, 0, 0, 0.6) rgba(0, 0, 0, 0.2); line-height: inherit; text-align: left; color: #515151; -wrap; background-color: #eeeeee;" data-block="true" data-editor="9vfe1" data-offset-key="6e4ob-0-0">
<div class="public-DraftStyleDefault-block public-DraftStyleDefault-ltr" style="box-sizing: border-box; scrollbar-color: rgba(0, 0, 0, 0.6) rgba(0, 0, 0, 0.2); position: relative; -line; direction: ltr; line-height: inherit; text-align: inherit;" data-offset-key="6e4ob-0-0"><strong><span data-offset-key="6e4ob-0-0" style="box-sizing: border-box; scrollbar-color: rgba(0, 0, 0, 0.6) rgba(0, 0, 0, 0.2); line-height: 19.6px; text-align: inherit;">Natura-Punto - (Fulfillment Partner: Pearl Schweiz GmbH)</span></strong></div>
<div class="public-DraftStyleDefault-block public-DraftStyleDefault-ltr" style="box-sizing: border-box; scrollbar-color: rgba(0, 0, 0, 0.6) rgba(0, 0, 0, 0.2); position: relative; -line; direction: ltr; line-height: inherit; text-align: inherit;" data-offset-key="6e4ob-0-0"> </div>
<div class="public-DraftStyleDefault-block public-DraftStyleDefault-ltr" style="box-sizing: border-box; scrollbar-color: rgba(0, 0, 0, 0.6) rgba(0, 0, 0, 0.2); position: relative; -line; direction: ltr; line-height: inherit; text-align: inherit;" data-offset-key="6e4ob-0-0"><span data-offset-key="6e4ob-0-1" style="box-sizing: border-box; scrollbar-color: rgba(0, 0, 0, 0.6) rgba(0, 0, 0, 0.2); line-height: 19.6px; text-align: inherit;"> Grüssenhölzliweg 5 </span></div>
<div class="public-DraftStyleDefault-block public-DraftStyleDefault-ltr" style="box-sizing: border-box; scrollbar-color: rgba(0, 0, 0, 0.6) rgba(0, 0, 0, 0.2); position: relative; -line; direction: ltr; line-height: inherit; text-align: inherit;" data-offset-key="6e4ob-0-0"><span data-offset-key="6e4ob-0-1" style="box-sizing: border-box; scrollbar-color: rgba(0, 0, 0, 0.6) rgba(0, 0, 0, 0.2); line-height: 19.6px; text-align: inherit;">CH-4133 Pratteln </span></div>
<div class="public-DraftStyleDefault-block public-DraftStyleDefault-ltr" style="box-sizing: border-box; scrollbar-color: rgba(0, 0, 0, 0.6) rgba(0, 0, 0, 0.2); position: relative; -line; direction: ltr; line-height: inherit; text-align: inherit;" data-offset-key="6e4ob-0-0"><span data-offset-key="6e4ob-0-1" style="box-sizing: border-box; scrollbar-color: rgba(0, 0, 0, 0.6) rgba(0, 0, 0, 0.2); line-height: 19.6px; text-align: inherit;">Geschäftsführer: Jürgen Ludwig</span></div>
</div>
<div style="box-sizing: border-box; scrollbar-color: rgba(0, 0, 0, 0.6) rgba(0, 0, 0, 0.2); line-height: inherit; text-align: left; color: #515151; -wrap; background-color: #eeeeee;" data-block="true" data-editor="9vfe1" data-offset-key="6cgc4-0-0">
<div class="public-DraftStyleDefault-block public-DraftStyleDefault-ltr" style="box-sizing: border-box; scrollbar-color: rgba(0, 0, 0, 0.6) rgba(0, 0, 0, 0.2); position: relative; -line; direction: ltr; line-height: inherit; text-align: inherit;" data-offset-key="6cgc4-0-0"> </div>
<div class="public-DraftStyleDefault-block public-DraftStyleDefault-ltr" style="box-sizing: border-box; scrollbar-color: rgba(0, 0, 0, 0.6) rgba(0, 0, 0, 0.2); position: relative; -line; direction: ltr; line-height: inherit; text-align: inherit;" data-offset-key="6cgc4-0-0"><span data-offset-key="6cgc4-0-0" style="box-sizing: border-box; scrollbar-color: rgba(0, 0, 0, 0.6) rgba(0, 0, 0, 0.2); line-height: 19.6px; text-align: inherit;">Handelsregister-Nr.: </span></div>
<div class="public-DraftStyleDefault-block public-DraftStyleDefault-ltr" style="box-sizing: border-box; scrollbar-color: rgba(0, 0, 0, 0.6) rgba(0, 0, 0, 0.2); position: relative; -line; direction: ltr; line-height: inherit; text-align: inherit;" data-offset-key="6cgc4-0-0"><span data-offset-key="6cgc4-0-0" style="box-sizing: border-box; scrollbar-color: rgba(0, 0, 0, 0.6) rgba(0, 0, 0, 0.2); line-height: 19.6px; text-align: inherit;">CH-280.4.900.189-4 </span></div>
<div class="public-DraftStyleDefault-block public-DraftStyleDefault-ltr" style="box-sizing: border-box; scrollbar-color: rgba(0, 0, 0, 0.6) rgba(0, 0, 0, 0.2); position: relative; -line; direction: ltr; line-height: inherit; text-align: inherit;" data-offset-key="6cgc4-0-0"><span data-offset-key="6cgc4-0-0" style="box-sizing: border-box; scrollbar-color: rgba(0, 0, 0, 0.6) rgba(0, 0, 0, 0.2); line-height: 19.6px; text-align: inherit;">UID: CHE-108.477.464 </span></div>
<div class="public-DraftStyleDefault-block public-DraftStyleDefault-ltr" style="box-sizing: border-box; scrollbar-color: rgba(0, 0, 0, 0.6) rgba(0, 0, 0, 0.2); position: relative; -line; direction: ltr; line-height: inherit; text-align: inherit;" data-offset-key="6cgc4-0-0"><span data-offset-key="6cgc4-0-0" style="box-sizing: border-box; scrollbar-color: rgba(0, 0, 0, 0.6) rgba(0, 0, 0, 0.2); line-height: 19.6px; text-align: inherit;">MwSt-Nr.: CHE-108.477.464 MWST</span></div>
</div>
<div style="box-sizing: border-box; scrollbar-color: rgba(0, 0, 0, 0.6) rgba(0, 0, 0, 0.2); line-height: inherit; text-align: left; color: #515151; -wrap; background-color: #eeeeee;" data-block="true" data-editor="9vfe1" data-offset-key="58k1i-0-0">
<div class="public-DraftStyleDefault-block public-DraftStyleDefault-ltr" style="box-sizing: border-box; scrollbar-color: rgba(0, 0, 0, 0.6) rgba(0, 0, 0, 0.2); position: relative; -line; direction: ltr; line-height: inherit; text-align: inherit;" data-offset-key="58k1i-0-0"><span data-offset-key="58k1i-0-0" style="box-sizing: border-box; scrollbar-color: rgba(0, 0, 0, 0.6) rgba(0, 0, 0, 0.2); line-height: 19.6px; text-align: inherit;"> </span></div>
</div>
<div style="box-sizing: border-box; scrollbar-color: rgba(0, 0, 0, 0.6) rgba(0, 0, 0, 0.2); line-height: inherit; text-align: left; color: #515151; -wrap; background-color: #eeeeee;" data-block="true" data-editor="9vfe1" data-offset-key="7bj0u-0-0">
<div class="public-DraftStyleDefault-block public-DraftStyleDefault-ltr" style="box-sizing: border-box; scrollbar-color: rgba(0, 0, 0, 0.6) rgba(0, 0, 0, 0.2); position: relative; -line; direction: ltr; line-height: inherit; text-align: inherit;" data-offset-key="7bj0u-0-0"><strong><span data-offset-key="7bj0u-0-0" style="box-sizing: border-box; scrollbar-color: rgba(0, 0, 0, 0.6) rgba(0, 0, 0, 0.2); line-height: 19.6px; text-align: inherit;">Persönliche Bestellannahme:</span></strong></div>
</div>
<div style="box-sizing: border-box; scrollbar-color: rgba(0, 0, 0, 0.6) rgba(0, 0, 0, 0.2); line-height: inherit; text-align: left; color: #515151; -wrap; background-color: #eeeeee;" data-block="true" data-editor="9vfe1" data-offset-key="9gs5v-0-0">
<div class="public-DraftStyleDefault-block public-DraftStyleDefault-ltr" style="box-sizing: border-box; scrollbar-color: rgba(0, 0, 0, 0.6) rgba(0, 0, 0, 0.2); position: relative; -line; direction: ltr; line-height: inherit; text-align: inherit;" data-offset-key="9gs5v-0-0"><span data-offset-key="9gs5v-0-0" style="box-sizing: border-box; scrollbar-color: rgba(0, 0, 0, 0.6) rgba(0, 0, 0, 0.2); line-height: 19.6px; text-align: inherit;">Tel. 0848 - 22 33 00 </span></div>
<div class="public-DraftStyleDefault-block public-DraftStyleDefault-ltr" style="box-sizing: border-box; scrollbar-color: rgba(0, 0, 0, 0.6) rgba(0, 0, 0, 0.2); position: relative; -line; direction: ltr; line-height: inherit; text-align: inherit;" data-offset-key="9gs5v-0-0"><span data-offset-key="9gs5v-0-0" style="box-sizing: border-box; scrollbar-color: rgba(0, 0, 0, 0.6) rgba(0, 0, 0, 0.2); line-height: 19.6px; text-align: inherit;">Aus dem Festnetz </span></div>
<div class="public-DraftStyleDefault-block public-DraftStyleDefault-ltr" style="box-sizing: border-box; scrollbar-color: rgba(0, 0, 0, 0.6) rgba(0, 0, 0, 0.2); position: relative; -line; direction: ltr; line-height: inherit; text-align: inherit;" data-offset-key="9gs5v-0-0"><span data-offset-key="9gs5v-0-0" style="box-sizing: border-box; scrollbar-color: rgba(0, 0, 0, 0.6) rgba(0, 0, 0, 0.2); line-height: 19.6px; text-align: inherit;">Mo.-Fr. 08.00-17.00 Uhr 8 Rp./Min. Mobilfunkpreise abweichend. </span></div>
<div class="public-DraftStyleDefault-block public-DraftStyleDefault-ltr" style="box-sizing: border-box; scrollbar-color: rgba(0, 0, 0, 0.6) rgba(0, 0, 0, 0.2); position: relative; -line; direction: ltr; line-height: inherit; text-align: inherit;" data-offset-key="9gs5v-0-0"> </div>
<div class="public-DraftStyleDefault-block public-DraftStyleDefault-ltr" style="box-sizing: border-box; scrollbar-color: rgba(0, 0, 0, 0.6) rgba(0, 0, 0, 0.2); position: relative; -line; direction: ltr; line-height: inherit; text-align: inherit;" data-offset-key="9gs5v-0-0"><span data-offset-key="9gs5v-0-0" style="box-sizing: border-box; scrollbar-color: rgba(0, 0, 0, 0.6) rgba(0, 0, 0, 0.2); line-height: 19.6px; text-align: inherit;">Internet: </span><span class="rte-entity-LINK" style="box-sizing: border-box; scrollbar-color: rgba(0, 0, 0, 0.6) rgba(0, 0, 0, 0.2); line-height: 19.6px; text-align: inherit;"><a href="https://natura-punto.ch/de/?refID=920" style="box-sizing: border-box; scrollbar-color: rgba(0, 0, 0, 0.6) rgba(0, 0, 0, 0.2); color: #515151; text-decoration-line: none; line-height: inherit; text-align: inherit;"><span data-offset-key="9gs5v-1-0" style="box-sizing: border-box; scrollbar-color: rgba(0, 0, 0, 0.6) rgba(0, 0, 0, 0.2); line-height: 19.6px; text-decoration-line: underline; text-align: inherit;"><span data-text="true" style="box-sizing: border-box; scrollbar-color: rgba(0, 0, 0, 0.6) rgba(0, 0, 0, 0.2); line-height: 19.6px; text-align: inherit;">https://natura-punto.ch/de/</span></span></a></span></div>
</div>
<div style="box-sizing: border-box; scrollbar-color: rgba(0, 0, 0, 0.6) rgba(0, 0, 0, 0.2); line-height: inherit; text-align: left; color: #515151; -wrap; background-color: #eeeeee;" data-block="true" data-editor="9vfe1" data-offset-key="9b1fs-0-0">
<div class="public-DraftStyleDefault-block public-DraftStyleDefault-ltr" style="box-sizing: border-box; scrollbar-color: rgba(0, 0, 0, 0.6) rgba(0, 0, 0, 0.2); position: relative; -line; direction: ltr; line-height: inherit; text-align: inherit;" data-offset-key="9b1fs-0-0"><span data-offset-key="9b1fs-0-0" style="box-sizing: border-box; scrollbar-color: rgba(0, 0, 0, 0.6) rgba(0, 0, 0, 0.2); line-height: 19.6px; text-align: inherit;">E-Mail: </span><span class="rte-entity-MAIL_TO_LINK" style="box-sizing: border-box; scrollbar-color: rgba(0, 0, 0, 0.6) rgba(0, 0, 0, 0.2); line-height: 19.6px; text-align: inherit;"><a href="mailto:serviceteam@pearl.ch" style="box-sizing: border-box; scrollbar-color: rgba(0, 0, 0, 0.6) rgba(0, 0, 0, 0.2); color: #515151; text-decoration-line: none; line-height: inherit; text-align: inherit;"><span data-offset-key="9b1fs-1-0" style="box-sizing: border-box; scrollbar-color: rgba(0, 0, 0, 0.6) rgba(0, 0, 0, 0.2); line-height: 19.6px; text-decoration-line: underline; text-align: inherit;"><span data-text="true" style="box-sizing: border-box; scrollbar-color: rgba(0, 0, 0, 0.6) rgba(0, 0, 0, 0.2); line-height: 19.6px; text-align: inherit;">serviceteam@pearl.ch</span></span></a></span></div>
</div>
  </div>

      </td>
    </tr>
  </tbody>
</table>

  <!--[if (!mso)&(!IE)]><!--></div><!--<![endif]-->
  </div>
</div>
<!--[if (mso)|(IE)]></td><![endif]-->
<!--[if (mso)|(IE)]><td align="center" width="380" style="background-color: #efefef;width: 380px;padding: 0px;border-top: 0px solid transparent;border-left: 0px solid transparent;border-right: 0px solid transparent;border-bottom: 0px solid transparent;border-radius: 0px;-webkit-border-radius: 0px; -moz-border-radius: 0px;" valign="top"><![endif]-->
<div class="u-col u-col-50" style="max-width: 320px;min-width: 380px;display: table-cell;vertical-align: top;">
  <div style="background-color: #efefef;height: 100%;width: 100% !important;border-radius: 0px;-webkit-border-radius: 0px; -moz-border-radius: 0px;">
  <!--[if (!mso)&(!IE)]><!--><div style="box-sizing: border-box; height: 100%; padding: 0px;border-top: 0px solid transparent;border-left: 0px solid transparent;border-right: 0px solid transparent;border-bottom: 0px solid transparent;border-radius: 0px;-webkit-border-radius: 0px; -moz-border-radius: 0px;"><!--<![endif]-->
  
<table style="font-family:arial,helvetica,sans-serif;" role="presentation" cellpadding="0" cellspacing="0" width="100%" border="0">
  <tbody>
    <tr>
      <td style="overflow-wrap:break-word;word-break:break-word;padding:10px;font-family:arial,helvetica,sans-serif;" align="left">
        
  <div class="v-font-size" style="font-size: 14px; line-height: 140%; text-align: left; word-wrap: break-word;">
    <div style="box-sizing: border-box; scrollbar-color: rgba(0, 0, 0, 0.6) rgba(0, 0, 0, 0.2); line-height: inherit; text-align: left; color: #515151; -wrap; background-color: #eeeeee;" data-block="true" data-editor="6h2aj" data-offset-key="5ftt-0-0">
<div class="public-DraftStyleDefault-block public-DraftStyleDefault-ltr" style="box-sizing: border-box; scrollbar-color: rgba(0, 0, 0, 0.6) rgba(0, 0, 0, 0.2); position: relative; -line; direction: ltr; line-height: inherit; text-align: inherit;" data-offset-key="5ftt-0-0"><strong><span data-offset-key="5ftt-0-0" style="box-sizing: border-box; scrollbar-color: rgba(0, 0, 0, 0.6) rgba(0, 0, 0, 0.2); line-height: 19.6px; text-align: inherit;">Abmeldung:</span></strong><span data-offset-key="5ftt-0-1" style="box-sizing: border-box; scrollbar-color: rgba(0, 0, 0, 0.6) rgba(0, 0, 0, 0.2); line-height: 19.6px; text-align: inherit;"> </span></div>
<div class="public-DraftStyleDefault-block public-DraftStyleDefault-ltr" style="box-sizing: border-box; scrollbar-color: rgba(0, 0, 0, 0.6) rgba(0, 0, 0, 0.2); position: relative; -line; direction: ltr; line-height: inherit; text-align: inherit;" data-offset-key="5ftt-0-0"><span data-offset-key="5ftt-0-1" style="box-sizing: border-box; scrollbar-color: rgba(0, 0, 0, 0.6) rgba(0, 0, 0, 0.2); line-height: 19.6px; text-align: inherit;">Falls Sie keine weiteren E-Mails aus dem Bereich Service-Kommunikation erhalten möchten, können Sie Ihre E-Mail-Adresse aus diesem</span></div>
</div>
<div style="box-sizing: border-box; scrollbar-color: rgba(0, 0, 0, 0.6) rgba(0, 0, 0, 0.2); line-height: inherit; text-align: left; color: #515151; -wrap; background-color: #eeeeee;" data-block="true" data-editor="6h2aj" data-offset-key="c0lof-0-0">
<div class="public-DraftStyleDefault-block public-DraftStyleDefault-ltr" style="box-sizing: border-box; scrollbar-color: rgba(0, 0, 0, 0.6) rgba(0, 0, 0, 0.2); position: relative; -line; direction: ltr; line-height: inherit; text-align: inherit;" data-offset-key="c0lof-0-0"><span data-offset-key="c0lof-0-0" style="box-sizing: border-box; scrollbar-color: rgba(0, 0, 0, 0.6) rgba(0, 0, 0, 0.2); line-height: 19.6px; text-align: inherit;">E-Mail-Verteiler austragen.</span></div>
<div class="public-DraftStyleDefault-block public-DraftStyleDefault-ltr" style="box-sizing: border-box; scrollbar-color: rgba(0, 0, 0, 0.6) rgba(0, 0, 0, 0.2); position: relative; -line; direction: ltr; line-height: inherit; text-align: inherit;" data-offset-key="c0lof-0-0"> </div>
<div class="public-DraftStyleDefault-block public-DraftStyleDefault-ltr" style="box-sizing: border-box; scrollbar-color: rgba(0, 0, 0, 0.6) rgba(0, 0, 0, 0.2); position: relative; -line; direction: ltr; line-height: inherit; text-align: inherit;" data-offset-key="c0lof-0-0"><span data-offset-key="c0lof-0-0" style="box-sizing: border-box; scrollbar-color: rgba(0, 0, 0, 0.6) rgba(0, 0, 0, 0.2); line-height: 19.6px; text-align: inherit;"> </span><span class="rte-entity-INSERTTAG" style="box-sizing: border-box; scrollbar-color: rgba(0, 0, 0, 0.6) rgba(0, 0, 0, 0.2); line-height: 19.6px; outline: #000000 dotted 1px; outline-offset: 0px; background-color: rgba(255, 255, 255, 0.4); text-align: inherit;"><a rel="noopener" href="{{unsubscribe}}" target="_blank" style="box-sizing: border-box; scrollbar-color: rgba(0, 0, 0, 0.6) rgba(0, 0, 0, 0.2); color: #8fae3e; text-decoration-line: none; line-height: inherit; text-align: inherit;" data-insert-tag="unsubscribe_link"><span data-offset-key="c0lof-1-0" style="box-sizing: border-box; scrollbar-color: rgba(0, 0, 0, 0.6) rgba(0, 0, 0, 0.2); line-height: 19.6px; text-decoration-line: underline; text-align: inherit;"><span data-text="true" style="box-sizing: border-box; scrollbar-color: rgba(0, 0, 0, 0.6) rgba(0, 0, 0, 0.2); line-height: 19.6px; text-align: inherit;">Newsletters abbestellen</span></span></a></span><span data-offset-key="c0lof-2-0" style="box-sizing: border-box; scrollbar-color: rgba(0, 0, 0, 0.6) rgba(0, 0, 0, 0.2); line-height: 19.6px; text-align: inherit;"> </span></div>
</div>
<div style="box-sizing: border-box; scrollbar-color: rgba(0, 0, 0, 0.6) rgba(0, 0, 0, 0.2); line-height: inherit; text-align: left; color: #515151; -wrap; background-color: #eeeeee;" data-block="true" data-editor="6h2aj" data-offset-key="526kb-0-0">
<div class="public-DraftStyleDefault-block public-DraftStyleDefault-ltr" style="box-sizing: border-box; scrollbar-color: rgba(0, 0, 0, 0.6) rgba(0, 0, 0, 0.2); position: relative; -line; direction: ltr; line-height: inherit; text-align: inherit;" data-offset-key="526kb-0-0"> </div>
<div class="public-DraftStyleDefault-block public-DraftStyleDefault-ltr" style="box-sizing: border-box; scrollbar-color: rgba(0, 0, 0, 0.6) rgba(0, 0, 0, 0.2); position: relative; -line; direction: ltr; line-height: inherit; text-align: inherit;" data-offset-key="526kb-0-0"><span data-offset-key="526kb-0-0" style="box-sizing: border-box; scrollbar-color: rgba(0, 0, 0, 0.6) rgba(0, 0, 0, 0.2); line-height: 19.6px; text-align: inherit;">Für die Austragung fallen keine anderen Kosten als die Übermittlungskosten nach dem Basistarif an.</span></div>
<div class="public-DraftStyleDefault-block public-DraftStyleDefault-ltr" style="box-sizing: border-box; scrollbar-color: rgba(0, 0, 0, 0.6) rgba(0, 0, 0, 0.2); position: relative; -line; direction: ltr; line-height: inherit; text-align: inherit;" data-offset-key="526kb-0-0"> </div>
</div>
<div style="box-sizing: border-box; scrollbar-color: rgba(0, 0, 0, 0.6) rgba(0, 0, 0, 0.2); line-height: inherit; text-align: left; color: #515151; -wrap; background-color: #eeeeee;" data-block="true" data-editor="6h2aj" data-offset-key="35jb5-0-0">
<div class="public-DraftStyleDefault-block public-DraftStyleDefault-ltr" style="box-sizing: border-box; scrollbar-color: rgba(0, 0, 0, 0.6) rgba(0, 0, 0, 0.2); position: relative; -line; direction: ltr; line-height: inherit; text-align: inherit;" data-offset-key="35jb5-0-0"><span data-offset-key="35jb5-0-0" style="box-sizing: border-box; scrollbar-color: rgba(0, 0, 0, 0.6) rgba(0, 0, 0, 0.2); line-height: 19.6px; text-align: inherit;"> * Zzgl. Versandkosten CHF 8.95 </span><span data-offset-key="35jb5-0-1" style="box-sizing: border-box; scrollbar-color: rgba(0, 0, 0, 0.6) rgba(0, 0, 0, 0.2); line-height: 19.6px; vertical-align: 3px; color: #666666; text-align: inherit;"><span data-text="true" style="box-sizing: border-box; scrollbar-color: rgba(0, 0, 0, 0.6) rgba(0, 0, 0, 0.2); line-height: 19.6px; text-align: inherit;">1</span></span><span data-offset-key="35jb5-0-2" style="box-sizing: border-box; scrollbar-color: rgba(0, 0, 0, 0.6) rgba(0, 0, 0, 0.2); line-height: 19.6px; color: #666666; text-align: inherit;"><span data-text="true" style="box-sizing: border-box; scrollbar-color: rgba(0, 0, 0, 0.6) rgba(0, 0, 0, 0.2); line-height: 19.6px; text-align: inherit;"> Empfohlener VK des europ. Lieferanten</span></span><span data-offset-key="35jb5-0-3" style="box-sizing: border-box; scrollbar-color: rgba(0, 0, 0, 0.6) rgba(0, 0, 0, 0.2); line-height: 19.6px; text-align: inherit;"> </span></div>
<div class="public-DraftStyleDefault-block public-DraftStyleDefault-ltr" style="box-sizing: border-box; scrollbar-color: rgba(0, 0, 0, 0.6) rgba(0, 0, 0, 0.2); position: relative; -line; direction: ltr; line-height: inherit; text-align: inherit;" data-offset-key="35jb5-0-0"><span data-offset-key="35jb5-0-4" style="box-sizing: border-box; scrollbar-color: rgba(0, 0, 0, 0.6) rgba(0, 0, 0, 0.2); line-height: 19.6px; vertical-align: 3px; color: #666666; text-align: inherit;"><span data-text="true" style="box-sizing: border-box; scrollbar-color: rgba(0, 0, 0, 0.6) rgba(0, 0, 0, 0.2); line-height: 19.6px; text-align: inherit;">2</span></span><span data-offset-key="35jb5-0-5" style="box-sizing: border-box; scrollbar-color: rgba(0, 0, 0, 0.6) rgba(0, 0, 0, 0.2); line-height: 19.6px; color: #666666; text-align: inherit;"><span data-text="true" style="box-sizing: border-box; scrollbar-color: rgba(0, 0, 0, 0.6) rgba(0, 0, 0, 0.2); line-height: 19.6px; text-align: inherit;"> Ehemaliger Preis von natura-punto</span></span><span data-offset-key="35jb5-0-6" style="box-sizing: border-box; scrollbar-color: rgba(0, 0, 0, 0.6) rgba(0, 0, 0, 0.2); line-height: 19.6px; text-align: inherit;"> </span><span data-offset-key="35jb5-0-7" style="box-sizing: border-box; scrollbar-color: rgba(0, 0, 0, 0.6) rgba(0, 0, 0, 0.2); line-height: 19.6px; vertical-align: 3px; color: #666666; text-align: inherit;"><span data-text="true" style="box-sizing: border-box; scrollbar-color: rgba(0, 0, 0, 0.6) rgba(0, 0, 0, 0.2); line-height: 19.6px; text-align: inherit;">3</span></span><span data-offset-key="35jb5-0-8" style="box-sizing: border-box; scrollbar-color: rgba(0, 0, 0, 0.6) rgba(0, 0, 0, 0.2); line-height: 19.6px; color: #666666; text-align: inherit;"><span data-text="true" style="box-sizing: border-box; scrollbar-color: rgba(0, 0, 0, 0.6) rgba(0, 0, 0, 0.2); line-height: 19.6px; text-align: inherit;"> Summe der Einzelpreise</span></span><span data-offset-key="35jb5-0-9" style="box-sizing: border-box; scrollbar-color: rgba(0, 0, 0, 0.6) rgba(0, 0, 0, 0.2); line-height: 19.6px; text-align: inherit;"> </span></div>
<div class="public-DraftStyleDefault-block public-DraftStyleDefault-ltr" style="box-sizing: border-box; scrollbar-color: rgba(0, 0, 0, 0.6) rgba(0, 0, 0, 0.2); position: relative; -line; direction: ltr; line-height: inherit; text-align: inherit;" data-offset-key="35jb5-0-0"><span data-offset-key="35jb5-0-10" style="box-sizing: border-box; scrollbar-color: rgba(0, 0, 0, 0.6) rgba(0, 0, 0, 0.2); line-height: 19.6px; vertical-align: 3px; color: #666666; text-align: inherit;"><span data-text="true" style="box-sizing: border-box; scrollbar-color: rgba(0, 0, 0, 0.6) rgba(0, 0, 0, 0.2); line-height: 19.6px; text-align: inherit;">4</span></span><span data-offset-key="35jb5-0-11" style="box-sizing: border-box; scrollbar-color: rgba(0, 0, 0, 0.6) rgba(0, 0, 0, 0.2); line-height: 19.6px; color: #666666; text-align: inherit;"><span data-text="true" style="box-sizing: border-box; scrollbar-color: rgba(0, 0, 0, 0.6) rgba(0, 0, 0, 0.2); line-height: 19.6px; text-align: inherit;"> UVP des Herstellers</span></span></div>
</div>
  </div>

      </td>
    </tr>
  </tbody>
</table>

  <!--[if (!mso)&(!IE)]><!--></div><!--<![endif]-->
  </div>
</div>
<!--[if (mso)|(IE)]></td><![endif]-->
      <!--[if (mso)|(IE)]></tr></table></td></tr></table><![endif]-->
    </div>
  </div>
  </div>
  


  
  
<div class="u-row-container" style="padding: 0px;background-color: transparent">
  <div class="u-row" style="margin: 0 auto;min-width: 320px;max-width: 760px;overflow-wrap: break-word;word-wrap: break-word;word-break: break-word;background-color: transparent;">
    <div style="border-collapse: collapse;display: table;width: 100%;height: 100%;background-color: transparent;">
      <!--[if (mso)|(IE)]><table width="100%" cellpadding="0" cellspacing="0" border="0"><tr><td style="padding: 0px;background-color: transparent;" align="center"><table cellpadding="0" cellspacing="0" border="0" style="width:760px;"><tr style="background-color: transparent;"><![endif]-->
      
<!--[if (mso)|(IE)]><td align="center" width="760" style="width: 760px;padding: 0px;border-top: 0px solid transparent;border-left: 0px solid transparent;border-right: 0px solid transparent;border-bottom: 0px solid transparent;border-radius: 0px;-webkit-border-radius: 0px; -moz-border-radius: 0px;" valign="top"><![endif]-->
<div class="u-col u-col-100" style="max-width: 320px;min-width: 760px;display: table-cell;vertical-align: top;">
  <div style="height: 100%;width: 100% !important;border-radius: 0px;-webkit-border-radius: 0px; -moz-border-radius: 0px;">
  <!--[if (!mso)&(!IE)]><!--><div style="box-sizing: border-box; height: 100%; padding: 0px;border-top: 0px solid transparent;border-left: 0px solid transparent;border-right: 0px solid transparent;border-bottom: 0px solid transparent;border-radius: 0px;-webkit-border-radius: 0px; -moz-border-radius: 0px;"><!--<![endif]-->
  
<table style="font-family:arial,helvetica,sans-serif;" role="presentation" cellpadding="0" cellspacing="0" width="100%" border="0">
  <tbody>
    <tr>
      <td style="overflow-wrap:break-word;word-break:break-word;padding:10px;font-family:arial,helvetica,sans-serif;" align="left">
        
<table width="100%" cellpadding="0" cellspacing="0" border="0">
  <tr>
    <td style="padding-right: 0px;padding-left: 0px;" align="center">
      <a href="https://natura-punto.ch/de/?refID=920" target="_blank">
      <img align="center" border="0" src="https://natura-punto.ch/images/mailing/CH-SN-herz-versand.jpg" alt="natura-punto" title="natura-punto" style="outline: none;text-decoration: none;-ms-interpolation-mode: bicubic;clear: both;display: inline-block !important;border: none;height: auto;float: none;width: 100%;max-width: 440px;" width="440"/>
      </a>
    </td>
  </tr>
</table>

      </td>
    </tr>
  </tbody>
</table>

  <!--[if (!mso)&(!IE)]><!--></div><!--<![endif]-->
  </div>
</div>
<!--[if (mso)|(IE)]></td><![endif]-->
      <!--[if (mso)|(IE)]></tr></table></td></tr></table><![endif]-->
    </div>
  </div>
  </div>
  


    <!--[if (mso)|(IE)]></td></tr></table><![endif]-->
    </td>
  </tr>
  </tbody>
  </table>
  <!--[if mso]></div><![endif]-->
  <!--[if IE]></div><![endif]-->
</body>

</html>
', '{"counters":{"u_column":25,"u_row":18,"u_content_image":12,"u_content_text":12,"u_content_button":1},"body":{"id":"tYgL5psywf","rows":[{"id":"xcSSow3qmf","cells":[1],"columns":[{"id":"_qad8nInfQ","contents":[{"id":"VO-6uTs8Pv","type":"text","values":{"containerPadding":"10px","anchor":"","fontFamily":{"label":"Global Font","value":"inherit"},"fontSize":"16px","textAlign":"center","lineHeight":"140%","linkStyle":{"inherit":true,"linkColor":"#0000ee","linkHoverColor":"#0000ee","linkUnderline":true,"linkHoverUnderline":true},"hideDesktop":false,"displayCondition":null,"_meta":{"htmlID":"u_content_text_1","htmlClassNames":"u_content_text"},"selectable":true,"draggable":true,"duplicatable":true,"deletable":true,"hideable":true,"text":"<p style=\"line-height: 140%;\">Exklusives Angebot für: {{email}}</p>\n<p style=\"line-height: 140%;\"><span style=\"line-height: 22.4px; color: #2dc26b;\"><a rel=\"noopener\" href=\"https://export.dev.natura-punto.ch/newsletter/336/index.html\" target=\"_blank\" style=\"color: #2dc26b;\" data-u-link-value=\"eyJuYW1lIjoid2ViIiwiYXR0cnMiOnsiaHJlZiI6Int7aHJlZn19IiwidGFyZ2V0Ijoie3t0YXJnZXR9fSJ9LCJ2YWx1ZXMiOnsiaHJlZiI6Int7b25saW5lVmVyc2lvbn19IiwidGFyZ2V0IjoiX2JsYW5rIn19\">Online-Version dieser E-Mail anzeigen</a></span></p>"}}],"values":{"backgroundColor":"","padding":"0px","border":{},"borderRadius":"0px","_meta":{"htmlID":"u_column_1","htmlClassNames":"u_column"}}}],"values":{"displayCondition":null,"columns":false,"backgroundColor":"","columnsBackgroundColor":"","backgroundImage":{"url":"","fullWidth":true,"repeat":"no-repeat","size":"custom","position":"center","customPosition":["50%","50%"]},"padding":"0px","anchor":"","hideDesktop":false,"_meta":{"htmlID":"u_row_1","htmlClassNames":"u_row"},"selectable":true,"draggable":true,"duplicatable":true,"deletable":true,"hideable":true}},{"id":"UehuHPt1mf","cells":[1],"columns":[{"id":"YzWeq86Aum","contents":[{"id":"tX47U6rlpa","type":"image","values":{"containerPadding":"10px","anchor":"","src":{"url":"https://images.natura-punto.ch/images/mailing/760x200_natura_header_30.jpg","width":760,"height":154},"textAlign":"center","altText":"natura-punto","action":{"name":"web","values":{"href":"https://natura-punto.ch/de/?refID=920","target":"_blank"},"attrs":{"href":"{{href}}","target":"{{target}}"}},"hideDesktop":false,"displayCondition":null,"_meta":{"htmlID":"u_content_image_2","htmlClassNames":"u_content_image"},"selectable":true,"draggable":true,"duplicatable":true,"deletable":true,"hideable":true}}],"values":{"backgroundColor":"","padding":"0px","border":{},"borderRadius":"0px","_meta":{"htmlID":"u_column_2","htmlClassNames":"u_column"}}}],"values":{"displayCondition":null,"columns":false,"backgroundColor":"","columnsBackgroundColor":"","backgroundImage":{"url":"","fullWidth":true,"repeat":"no-repeat","size":"custom","position":"center"},"padding":"0px","anchor":"","hideDesktop":false,"_meta":{"htmlID":"u_row_2","htmlClassNames":"u_row"},"selectable":true,"draggable":true,"duplicatable":true,"deletable":true,"hideable":true}},{"id":"d1G-TZjJt0","cells":[1,1,1,1],"columns":[{"id":"6k6Vj6IZeA","contents":[{"id":"QWmqhWqykB","type":"text","values":{"containerPadding":"10px","anchor":"","fontSize":"14px","textAlign":"left","lineHeight":"140%","linkStyle":{"inherit":true,"linkColor":"#0000ee","linkHoverColor":"#0000ee","linkUnderline":true,"linkHoverUnderline":true},"hideDesktop":false,"displayCondition":null,"_meta":{"htmlID":"u_content_text_2","htmlClassNames":"u_content_text"},"selectable":true,"draggable":true,"duplicatable":true,"deletable":true,"hideable":true,"text":"<p style=\"line-height: 140%;\"><span style=\"color: #ad7801; line-height: 19.6px;\"><a rel=\"noopener\" href=\"https://natura-punto.ch/de/gesundheit-pflege/?refID=920\" target=\"_blank\" style=\"color: #ad7801;\" data-u-link-value=\"eyJuYW1lIjoid2ViIiwiYXR0cnMiOnsiaHJlZiI6Int7aHJlZn19IiwidGFyZ2V0Ijoie3t0YXJnZXR9fSJ9LCJ2YWx1ZXMiOnsiaHJlZiI6Imh0dHBzOi8vbmF0dXJhLXB1bnRvLmNoL2RlL2dlc3VuZGhlaXQtcGZsZWdlLz9yZWZJRD05MjAiLCJ0YXJnZXQiOiJfYmxhbmsifX0=\">GESUNDHEIT</a></span></p>","_override":{"mobile":{"hideMobile":true}}}}],"values":{"backgroundColor":"","padding":"0px","border":{},"borderRadius":"0px","_meta":{"htmlID":"u_column_4","htmlClassNames":"u_column"}}},{"id":"gxZ6krBzZy","contents":[{"id":"LO26T9ElBF","type":"text","values":{"containerPadding":"10px","anchor":"","fontSize":"14px","textAlign":"left","lineHeight":"140%","linkStyle":{"inherit":true,"linkColor":"#0000ee","linkHoverColor":"#0000ee","linkUnderline":true,"linkHoverUnderline":true},"hideDesktop":false,"displayCondition":null,"_meta":{"htmlID":"u_content_text_4","htmlClassNames":"u_content_text"},"selectable":true,"draggable":true,"duplicatable":true,"deletable":true,"hideable":true,"text":"<p style=\"line-height: 140%;\"><span style=\"color: #ad7801; line-height: 19.6px;\">HAUSHALT</span></p>","_override":{"mobile":{"hideMobile":true}}}}],"values":{"backgroundColor":"","padding":"0px","border":{},"borderRadius":"0px","_meta":{"htmlID":"u_column_5","htmlClassNames":"u_column"}}},{"id":"GZXkA1dtwa","contents":[{"id":"155WajnSzQ","type":"text","values":{"containerPadding":"10px","anchor":"","fontSize":"14px","textAlign":"left","lineHeight":"140%","linkStyle":{"inherit":true,"linkColor":"#0000ee","linkHoverColor":"#0000ee","linkUnderline":true,"linkHoverUnderline":true},"hideDesktop":false,"displayCondition":null,"_meta":{"htmlID":"u_content_text_5","htmlClassNames":"u_content_text"},"selectable":true,"draggable":true,"duplicatable":true,"deletable":true,"hideable":true,"text":"<p style=\"line-height: 140%;\"><span style=\"color: #ad7801; line-height: 19.6px;\">FREIZEIT</span></p>","_override":{"mobile":{"hideMobile":true}}}}],"values":{"backgroundColor":"","padding":"0px","border":{},"borderRadius":"0px","_meta":{"htmlID":"u_column_6","htmlClassNames":"u_column"}}},{"id":"iSuM3vL9WA","contents":[{"id":"7iUO5NBcVz","type":"text","values":{"containerPadding":"10px","anchor":"","fontSize":"14px","textAlign":"left","lineHeight":"140%","linkStyle":{"inherit":true,"linkColor":"#0000ee","linkHoverColor":"#0000ee","linkUnderline":true,"linkHoverUnderline":true},"hideDesktop":false,"displayCondition":null,"_meta":{"htmlID":"u_content_text_6","htmlClassNames":"u_content_text"},"selectable":true,"draggable":true,"duplicatable":true,"deletable":true,"hideable":true,"text":"<p style=\"line-height: 140%;\"><span style=\"color: #ad7801; line-height: 19.6px;\">OLIVENHOLZ</span></p>","_override":{"mobile":{"hideMobile":true}}}}],"values":{"backgroundColor":"","padding":"0px","border":{},"borderRadius":"0px","_meta":{"htmlID":"u_column_7","htmlClassNames":"u_column"}}}],"values":{"displayCondition":null,"columns":false,"backgroundColor":"","columnsBackgroundColor":"","backgroundImage":{"url":"","fullWidth":true,"repeat":"no-repeat","size":"custom","position":"center"},"padding":"0px","anchor":"","hideDesktop":false,"_meta":{"htmlID":"u_row_4","htmlClassNames":"u_row"},"selectable":true,"draggable":true,"duplicatable":true,"deletable":true,"hideable":true}},{"id":"DF3--jf2nc","cells":[1],"columns":[{"id":"Po4bN0q0AL","contents":[{"id":"NEgcDmKOvT","type":"image","values":{"containerPadding":"10px","anchor":"","src":{"url":"https://images.natura-punto.ch/images/mailing/2024_KW11-N2_Blumenmurmeln_DE_ok.jpg","width":800,"height":600},"textAlign":"center","altText":"Blumenmurmeln","action":{"name":"web","values":{"href":"https://natura-punto.ch/de/individual_product_listing.php?refID=920&model=%20CHA6426,CHA16426,CHT6428,CHT6430,CHT6431,CHT6432,CHT6433,CHT6436,CHT6438,CHT6444,CHT6445,CHT6447,CHT6448,CHT6911,CHT6912,CHT6944,CHT6945,CHT6946,CHT6954,CHT7284,CHX3114,CHT6357,CHT5440,CHT5521,CHT5020,CHT6028,CHT6027,CHT6093,CHT5334,CHT6133,CHT5900,CHT6050,CHT5894,CHT6097,CHT5899,CHT5447,CHT5000,CHT5967,CHT6103,CHT5530,CHT6403,CHT6025,CHT5533,CHT6406,CHT5522,CHT5916,CHT6099,CHT5885,CHT5922,CHT5465,CHT5019,CHT5425,CHT5464,CHT6450,CHT5525,CHT6023,CHT6216,CHT5872,CHT5970,CHT7283,CHT6672,CHX2841,CHT6751,CHT6412,CHT5001,CHT5452,CHT6217,CHT5445,CHT6860,CHT6824,CHT6016,CHT6779,CHT6231,CHT5985,CHT6879,CHT5901,CHT5450,CHT5439,CHT6408,CHT6203,CHT6233,CHT6277,CHT6884,CHT6197,CHT5531,CHT6868,CHT5924,CHT5911,CHT6862,CHT6409,CHT5841,CHT6411,CHT6885,CHT6065,CHT6080,CHT6866,CHX4547,CHT6413,CHT6234,CHT6449,CHT6387,CHT6094&view_mode=tiled&language=de&wide_preview=2&title=Angebot%20der%20Woche","target":"_blank"},"attrs":{"href":"{{href}}","target":"{{target}}"}},"hideDesktop":false,"displayCondition":null,"_meta":{"htmlID":"u_content_image_3","htmlClassNames":"u_content_image"},"selectable":true,"draggable":true,"duplicatable":true,"deletable":true,"hideable":true}}],"values":{"backgroundColor":"","padding":"0px","border":{},"borderRadius":"0px","_meta":{"htmlID":"u_column_8","htmlClassNames":"u_column"}}}],"values":{"displayCondition":null,"columns":false,"backgroundColor":"","columnsBackgroundColor":"","backgroundImage":{"url":"","fullWidth":true,"repeat":"no-repeat","size":"custom","position":"center"},"padding":"0px","anchor":"","hideDesktop":false,"_meta":{"htmlID":"u_row_5","htmlClassNames":"u_row"},"selectable":true,"draggable":true,"duplicatable":true,"deletable":true,"hideable":true}},{"id":"oIg5Mh8ogT","cells":[1],"columns":[{"id":"3WRbiP8B9G","contents":[{"id":"mytR9piWuW","type":"button","values":{"containerPadding":"10px","anchor":"","href":{"name":"web","values":{"href":"https://natura-punto.ch/de/individual_product_listing.php?refID=920&model=%20CHA6426,CHA16426,CHT6428,CHT6430,CHT6431,CHT6432,CHT6433,CHT6436,CHT6438,CHT6444,CHT6445,CHT6447,CHT6448,CHT6911,CHT6912,CHT6944,CHT6945,CHT6946,CHT6954,CHT7284,CHX3114,CHT6357,CHT5440,CHT5521,CHT5020,CHT6028,CHT6027,CHT6093,CHT5334,CHT6133,CHT5900,CHT6050,CHT5894,CHT6097,CHT5899,CHT5447,CHT5000,CHT5967,CHT6103,CHT5530,CHT6403,CHT6025,CHT5533,CHT6406,CHT5522,CHT5916,CHT6099,CHT5885,CHT5922,CHT5465,CHT5019,CHT5425,CHT5464,CHT6450,CHT5525,CHT6023,CHT6216,CHT5872,CHT5970,CHT7283,CHT6672,CHX2841,CHT6751,CHT6412,CHT5001,CHT5452,CHT6217,CHT5445,CHT6860,CHT6824,CHT6016,CHT6779,CHT6231,CHT5985,CHT6879,CHT5901,CHT5450,CHT5439,CHT6408,CHT6203,CHT6233,CHT6277,CHT6884,CHT6197,CHT5531,CHT6868,CHT5924,CHT5911,CHT6862,CHT6409,CHT5841,CHT6411,CHT6885,CHT6065,CHT6080,CHT6866,CHX4547,CHT6413,CHT6234,CHT6449,CHT6387,CHT6094&view_mode=tiled&language=de&wide_preview=2&title=Angebot%20der%20Woche","target":"_blank"},"attrs":{"href":"{{href}}","target":"{{target}}"}},"buttonColors":{"color":"#FFFFFF","backgroundColor":"#7cdf29","hoverColor":"#FFFFFF","hoverBackgroundColor":"#3AAEE0"},"size":{"autoWidth":false,"width":"100%"},"fontSize":"20px","textAlign":"center","lineHeight":"120%","padding":"10px 20px","border":{},"borderRadius":"4px","hideDesktop":false,"displayCondition":null,"_meta":{"htmlID":"u_content_button_1","htmlClassNames":"u_content_button"},"selectable":true,"draggable":true,"duplicatable":true,"deletable":true,"hideable":true,"text":"<span style=\"line-height: 24px;\">ZUM AKTIONSPREIS BESTELLEN</span>","calculatedWidth":480,"calculatedHeight":44,"_override":{"mobile":{"fontSize":"16px"}}}}],"values":{"backgroundColor":"","padding":"0px","border":{},"borderRadius":"0px","_meta":{"htmlID":"u_column_9","htmlClassNames":"u_column"}}}],"values":{"displayCondition":null,"columns":false,"backgroundColor":"","columnsBackgroundColor":"","backgroundImage":{"url":"","fullWidth":true,"repeat":"no-repeat","size":"custom","position":"center"},"padding":"0px","anchor":"","hideDesktop":false,"_meta":{"htmlID":"u_row_6","htmlClassNames":"u_row"},"selectable":true,"draggable":true,"duplicatable":true,"deletable":true,"hideable":true}},{"id":"TPYd0wwSqm","cells":[1],"columns":[{"id":"fXEYcVSAKT","contents":[{"id":"PrkhuBSxTz","type":"text","values":{"containerPadding":"10px","anchor":"","fontSize":"14px","textAlign":"left","lineHeight":"140%","linkStyle":{"inherit":true,"linkColor":"#0000ee","linkHoverColor":"#0000ee","linkUnderline":true,"linkHoverUnderline":true},"hideDesktop":false,"displayCondition":null,"_meta":{"htmlID":"u_content_text_7","htmlClassNames":"u_content_text"},"selectable":true,"draggable":true,"duplicatable":true,"deletable":true,"hideable":true,"text":"<p style=\"line-height: 140%;\">{{respected}}<br /><br /><span data-offset-key=\"8mnj6-0-0\" style=\"box-sizing: border-box; scrollbar-color: rgba(0, 0, 0, 0.6) rgba(0, 0, 0, 0.2); line-height: 19.6px; text-align: justify; color: #515151; background-color: #ffffff;\"><span data-text=\"true\" style=\"box-sizing: border-box; scrollbar-color: rgba(0, 0, 0, 0.6) rgba(0, 0, 0, 0.2); line-height: 19.6px; text-align: inherit;\">Pflanzen Sie mit einem Wurf eine bunte Wiese! </span></span></p>\n<p style=\"line-height: 140%;\"> </p>\n<p style=\"line-height: 140%;\"><strong><span data-offset-key=\"8mnj6-0-1\" style=\"box-sizing: border-box; scrollbar-color: rgba(0, 0, 0, 0.6) rgba(0, 0, 0, 0.2); line-height: 19.6px; text-align: justify; color: #515151; background-color: #ffffff;\"><span data-text=\"true\" style=\"box-sizing: border-box; scrollbar-color: rgba(0, 0, 0, 0.6) rgba(0, 0, 0, 0.2); line-height: 19.6px; text-align: inherit;\">Bringen Sie Ihren Kindern oder Enkelkindern das Gärtnern näher </span></span></strong><span data-offset-key=\"8mnj6-0-2\" style=\"box-sizing: border-box; scrollbar-color: rgba(0, 0, 0, 0.6) rgba(0, 0, 0, 0.2); line-height: 19.6px; text-align: justify; color: #515151; background-color: #ffffff;\"><span data-text=\"true\" style=\"box-sizing: border-box; scrollbar-color: rgba(0, 0, 0, 0.6) rgba(0, 0, 0, 0.2); line-height: 19.6px; text-align: inherit;\">mit den</span></span><span data-offset-key=\"8mnj6-0-3\" style=\"box-sizing: border-box; scrollbar-color: rgba(0, 0, 0, 0.6) rgba(0, 0, 0, 0.2); line-height: 19.6px; text-align: justify; background-color: #ffffff; color: #000000;\"><span data-text=\"true\" style=\"box-sizing: border-box; scrollbar-color: rgba(0, 0, 0, 0.6) rgba(0, 0, 0, 0.2); line-height: 19.6px; text-align: inherit;\"> </span></span><span class=\"rte-entity-LINK\" style=\"box-sizing: border-box; scrollbar-color: rgba(0, 0, 0, 0.6) rgba(0, 0, 0, 0.2); line-height: 19.6px; text-align: justify; color: #515151; background-color: #ffffff;\"><a href=\"https://natura-punto.ch/de/individual_product_listing.php?refID=920&model=%20CHA6426,CHA16426,CHT6428,CHT6430,CHT6431,CHT6432,CHT6433,CHT6436,CHT6438,CHT6444,CHT6445,CHT6447,CHT6448,CHT6911,CHT6912,CHT6944,CHT6945,CHT6946,CHT6954,CHT7284,CHX3114,CHT6357,CHT5440,CHT5521,CHT5020,CHT6028,CHT6027,CHT6093,CHT5334,CHT6133,CHT5900,CHT6050,CHT5894,CHT6097,CHT5899,CHT5447,CHT5000,CHT5967,CHT6103,CHT5530,CHT6403,CHT6025,CHT5533,CHT6406,CHT5522,CHT5916,CHT6099,CHT5885,CHT5922,CHT5465,CHT5019,CHT5425,CHT5464,CHT6450,CHT5525,CHT6023,CHT6216,CHT5872,CHT5970,CHT7283,CHT6672,CHX2841,CHT6751,CHT6412,CHT5001,CHT5452,CHT6217,CHT5445,CHT6860,CHT6824,CHT6016,CHT6779,CHT6231,CHT5985,CHT6879,CHT5901,CHT5450,CHT5439,CHT6408,CHT6203,CHT6233,CHT6277,CHT6884,CHT6197,CHT5531,CHT6868,CHT5924,CHT5911,CHT6862,CHT6409,CHT5841,CHT6411,CHT6885,CHT6065,CHT6080,CHT6866,CHX4547,CHT6413,CHT6234,CHT6449,CHT6387,CHT6094&view_mode=tiled&language=de&wide_preview=2&title=Angebot%20der%20Woche\" style=\"box-sizing: border-box; scrollbar-color: rgba(0, 0, 0, 0.6) rgba(0, 0, 0, 0.2); color: #515151; text-decoration-line: none; line-height: inherit; text-align: inherit;\"><span data-offset-key=\"8mnj6-1-0\" style=\"box-sizing: border-box; scrollbar-color: rgba(0, 0, 0, 0.6) rgba(0, 0, 0, 0.2); line-height: 19.6px; color: #8fae3e; text-align: inherit;\"><span data-text=\"true\" style=\"box-sizing: border-box; scrollbar-color: rgba(0, 0, 0, 0.6) rgba(0, 0, 0, 0.2); line-height: 19.6px; text-align: inherit;\">bunten Blumenmurmeln</span></span></a></span><span data-offset-key=\"8mnj6-2-0\" style=\"box-sizing: border-box; scrollbar-color: rgba(0, 0, 0, 0.6) rgba(0, 0, 0, 0.2); line-height: 19.6px; text-align: justify; color: #515151; background-color: #ffffff;\"><span data-text=\"true\" style=\"box-sizing: border-box; scrollbar-color: rgba(0, 0, 0, 0.6) rgba(0, 0, 0, 0.2); line-height: 19.6px; text-align: inherit;\">. Werfen Sie die Murmeln einfach auf lockerer Erde aus, geben Sie Wasser hinzu und innerhalb kurzer Zeit entsteht ein Blumenmeer, welches Kinderaugen zum Strahlen bringt. </span></span></p>\n<p style=\"line-height: 140%;\"> </p>\n<p style=\"line-height: 140%;\"><span data-offset-key=\"8mnj6-2-0\" style=\"box-sizing: border-box; scrollbar-color: rgba(0, 0, 0, 0.6) rgba(0, 0, 0, 0.2); line-height: 19.6px; text-align: justify; color: #515151; background-color: #ffffff;\"><span data-text=\"true\" style=\"box-sizing: border-box; scrollbar-color: rgba(0, 0, 0, 0.6) rgba(0, 0, 0, 0.2); line-height: 19.6px; text-align: inherit;\">D</span></span><span data-offset-key=\"8mnj6-2-0\" style=\"box-sizing: border-box; scrollbar-color: rgba(0, 0, 0, 0.6) rgba(0, 0, 0, 0.2); line-height: 19.6px; text-align: justify; color: #515151; background-color: #ffffff;\"><span data-text=\"true\" style=\"box-sizing: border-box; scrollbar-color: rgba(0, 0, 0, 0.6) rgba(0, 0, 0, 0.2); line-height: 19.6px; text-align: inherit;\">ie Blumen wachsen in </span></span><span data-offset-key=\"8mnj6-2-1\" style=\"box-sizing: border-box; scrollbar-color: rgba(0, 0, 0, 0.6) rgba(0, 0, 0, 0.2); line-height: 19.6px; text-align: justify; color: #515151; background-color: #ffffff;\"><span data-text=\"true\" style=\"box-sizing: border-box; scrollbar-color: rgba(0, 0, 0, 0.6) rgba(0, 0, 0, 0.2); line-height: 19.6px; text-align: inherit;\">24 unterschiedlichen Sorten</span></span><span data-offset-key=\"8mnj6-2-2\" style=\"box-sizing: border-box; scrollbar-color: rgba(0, 0, 0, 0.6) rgba(0, 0, 0, 0.2); line-height: 19.6px; text-align: justify; color: #515151; background-color: #ffffff;\"><span data-text=\"true\" style=\"box-sizing: border-box; scrollbar-color: rgba(0, 0, 0, 0.6) rgba(0, 0, 0, 0.2); line-height: 19.6px; text-align: inherit;\">, wie zum Beispiel Kornrade, Ochsenzungen, Färberkamille, Kornblume, Strand-Silberkraut und vieles mehr. </span></span></p>\n<p style=\"line-height: 140%;\"> </p>\n<p style=\"line-height: 140%;\"><span data-offset-key=\"8mnj6-2-2\" style=\"box-sizing: border-box; scrollbar-color: rgba(0, 0, 0, 0.6) rgba(0, 0, 0, 0.2); line-height: 19.6px; text-align: justify; color: #515151; background-color: #ffffff;\"><span data-text=\"true\" style=\"box-sizing: border-box; scrollbar-color: rgba(0, 0, 0, 0.6) rgba(0, 0, 0, 0.2); line-height: 19.6px; text-align: inherit;\">Sind Sie auf der Suche nach einem sinnstiftenden Kindergeburtstags-Geschenk? Oder möchten Sie Ihre Kinder zu Ostern für die Natur sensibilisieren? Dann sind diese bunten Blumenmurmeln </span></span><span data-offset-key=\"8mnj6-2-3\" style=\"box-sizing: border-box; scrollbar-color: rgba(0, 0, 0, 0.6) rgba(0, 0, 0, 0.2); line-height: 19.6px; text-align: justify; color: #515151; background-color: #ffffff;\"><span data-text=\"true\" style=\"box-sizing: border-box; scrollbar-color: rgba(0, 0, 0, 0.6) rgba(0, 0, 0, 0.2); line-height: 19.6px; text-align: inherit;\">genau das Richtige für Sie</span></span><span data-offset-key=\"8mnj6-2-4\" style=\"box-sizing: border-box; scrollbar-color: rgba(0, 0, 0, 0.6) rgba(0, 0, 0, 0.2); line-height: 19.6px; text-align: justify; color: #515151; background-color: #ffffff;\"><span data-text=\"true\" style=\"box-sizing: border-box; scrollbar-color: rgba(0, 0, 0, 0.6) rgba(0, 0, 0, 0.2); line-height: 19.6px; text-align: inherit;\">. Diese Woche erhalten Sie</span></span><span data-offset-key=\"8mnj6-2-5\" style=\"box-sizing: border-box; scrollbar-color: rgba(0, 0, 0, 0.6) rgba(0, 0, 0, 0.2); line-height: 19.6px; text-align: justify; background-color: #ffffff; color: #000000;\"><span data-text=\"true\" style=\"box-sizing: border-box; scrollbar-color: rgba(0, 0, 0, 0.6) rgba(0, 0, 0, 0.2); line-height: 19.6px; text-align: inherit;\"> </span></span><span class=\"rte-entity-LINK\" style=\"box-sizing: border-box; scrollbar-color: rgba(0, 0, 0, 0.6) rgba(0, 0, 0, 0.2); line-height: 19.6px; text-align: justify; color: #515151; background-color: #ffffff;\"><a href=\"https://natura-punto.ch/de/individual_product_listing.php?refID=920&amp;model=%20CHA6426,CHA16426,CHT6428,CHT6430,CHT6431,CHT6432,CHT6433,CHT6436,CHT6438,CHT6444,CHT6445,CHT6447,CHT6448,CHT6911,CHT6912,CHT6944,CHT6945,CHT6946,CHT6954,CHT7284,CHX3114,CHT6357,CHT5440,CHT5521,CHT5020,CHT6028,CHT6027,CHT6093,CHT5334,CHT6133,CHT5900,CHT6050,CHT5894,CHT6097,CHT5899,CHT5447,CHT5000,CHT5967,CHT6103,CHT5530,CHT6403,CHT6025,CHT5533,CHT6406,CHT5522,CHT5916,CHT6099,CHT5885,CHT5922,CHT5465,CHT5019,CHT5425,CHT5464,CHT6450,CHT5525,CHT6023,CHT6216,CHT5872,CHT5970,CHT7283,CHT6672,CHX2841,CHT6751,CHT6412,CHT5001,CHT5452,CHT6217,CHT5445,CHT6860,CHT6824,CHT6016,CHT6779,CHT6231,CHT5985,CHT6879,CHT5901,CHT5450,CHT5439,CHT6408,CHT6203,CHT6233,CHT6277,CHT6884,CHT6197,CHT5531,CHT6868,CHT5924,CHT5911,CHT6862,CHT6409,CHT5841,CHT6411,CHT6885,CHT6065,CHT6080,CHT6866,CHX4547,CHT6413,CHT6234,CHT6449,CHT6387,CHT6094&amp;view_mode=tiled&amp;language=de&amp;wide_preview=2&amp;title=Angebot%20der%20Woche\" style=\"box-sizing: border-box; scrollbar-color: rgba(0, 0, 0, 0.6) rgba(0, 0, 0, 0.2); color: #515151; text-decoration-line: none; line-height: inherit; text-align: inherit;\"><span data-offset-key=\"8mnj6-3-0\" style=\"box-sizing: border-box; scrollbar-color: rgba(0, 0, 0, 0.6) rgba(0, 0, 0, 0.2); line-height: 19.6px; color: #ff0000; text-align: inherit;\"><span data-text=\"true\" style=\"box-sizing: border-box; scrollbar-color: rgba(0, 0, 0, 0.6) rgba(0, 0, 0, 0.2); line-height: 19.6px; text-align: inherit;\">2 Sets zu Sonderpreisen</span></span><span data-offset-key=\"8mnj6-3-1\" style=\"box-sizing: border-box; scrollbar-color: rgba(0, 0, 0, 0.6) rgba(0, 0, 0, 0.2); line-height: 19.6px; text-align: inherit;\">:</span><span data-offset-key=\"8mnj6-3-2\" style=\"box-sizing: border-box; scrollbar-color: rgba(0, 0, 0, 0.6) rgba(0, 0, 0, 0.2); line-height: 19.6px; color: #000000; text-align: inherit;\"><span data-text=\"true\" style=\"box-sizing: border-box; scrollbar-color: rgba(0, 0, 0, 0.6) rgba(0, 0, 0, 0.2); line-height: 19.6px; text-align: inherit;\"> </span></span><span data-offset-key=\"8mnj6-3-3\" style=\"box-sizing: border-box; scrollbar-color: rgba(0, 0, 0, 0.6) rgba(0, 0, 0, 0.2); line-height: 19.6px; color: #8fae3e; text-align: inherit;\"><span data-text=\"true\" style=\"box-sizing: border-box; scrollbar-color: rgba(0, 0, 0, 0.6) rgba(0, 0, 0, 0.2); line-height: 19.6px; text-align: inherit;\">25 wurfbereite Murmeln</span></span></a></span><span data-offset-key=\"8mnj6-4-0\" style=\"box-sizing: border-box; scrollbar-color: rgba(0, 0, 0, 0.6) rgba(0, 0, 0, 0.2); line-height: 19.6px; text-align: justify; background-color: #ffffff; color: #0070c0;\"><span data-text=\"true\" style=\"box-sizing: border-box; scrollbar-color: rgba(0, 0, 0, 0.6) rgba(0, 0, 0, 0.2); line-height: 19.6px; text-align: inherit;\"> </span></span><span data-offset-key=\"8mnj6-4-1\" style=\"box-sizing: border-box; scrollbar-color: rgba(0, 0, 0, 0.6) rgba(0, 0, 0, 0.2); line-height: 19.6px; text-align: justify; color: #515151; background-color: #ffffff;\"><span data-text=\"true\" style=\"box-sizing: border-box; scrollbar-color: rgba(0, 0, 0, 0.6) rgba(0, 0, 0, 0.2); line-height: 19.6px; text-align: inherit;\">und/oder ein</span></span><span data-offset-key=\"8mnj6-4-2\" style=\"box-sizing: border-box; scrollbar-color: rgba(0, 0, 0, 0.6) rgba(0, 0, 0, 0.2); line-height: 19.6px; text-align: justify; background-color: #ffffff; color: #000000;\"><span data-text=\"true\" style=\"box-sizing: border-box; scrollbar-color: rgba(0, 0, 0, 0.6) rgba(0, 0, 0, 0.2); line-height: 19.6px; text-align: inherit;\"> </span></span><span class=\"rte-entity-LINK\" style=\"box-sizing: border-box; scrollbar-color: rgba(0, 0, 0, 0.6) rgba(0, 0, 0, 0.2); line-height: 19.6px; text-align: justify; color: #515151; background-color: #ffffff;\"><a href=\"https://natura-punto.ch/de/individual_product_listing.php?refID=920&amp;model=%20CHA6426,CHA16426,CHT6428,CHT6430,CHT6431,CHT6432,CHT6433,CHT6436,CHT6438,CHT6444,CHT6445,CHT6447,CHT6448,CHT6911,CHT6912,CHT6944,CHT6945,CHT6946,CHT6954,CHT7284,CHX3114,CHT6357,CHT5440,CHT5521,CHT5020,CHT6028,CHT6027,CHT6093,CHT5334,CHT6133,CHT5900,CHT6050,CHT5894,CHT6097,CHT5899,CHT5447,CHT5000,CHT5967,CHT6103,CHT5530,CHT6403,CHT6025,CHT5533,CHT6406,CHT5522,CHT5916,CHT6099,CHT5885,CHT5922,CHT5465,CHT5019,CHT5425,CHT5464,CHT6450,CHT5525,CHT6023,CHT6216,CHT5872,CHT5970,CHT7283,CHT6672,CHX2841,CHT6751,CHT6412,CHT5001,CHT5452,CHT6217,CHT5445,CHT6860,CHT6824,CHT6016,CHT6779,CHT6231,CHT5985,CHT6879,CHT5901,CHT5450,CHT5439,CHT6408,CHT6203,CHT6233,CHT6277,CHT6884,CHT6197,CHT5531,CHT6868,CHT5924,CHT5911,CHT6862,CHT6409,CHT5841,CHT6411,CHT6885,CHT6065,CHT6080,CHT6866,CHX4547,CHT6413,CHT6234,CHT6449,CHT6387,CHT6094&amp;view_mode=tiled&amp;language=de&amp;wide_preview=2&amp;title=Angebot%20der%20Woche\" style=\"box-sizing: border-box; scrollbar-color: rgba(0, 0, 0, 0.6) rgba(0, 0, 0, 0.2); color: #515151; text-decoration-line: none; line-height: inherit; text-align: inherit;\"><span data-offset-key=\"8mnj6-5-0\" style=\"box-sizing: border-box; scrollbar-color: rgba(0, 0, 0, 0.6) rgba(0, 0, 0, 0.2); line-height: 19.6px; color: #8fae3e; text-align: inherit;\"><span data-text=\"true\" style=\"box-sizing: border-box; scrollbar-color: rgba(0, 0, 0, 0.6) rgba(0, 0, 0, 0.2); line-height: 19.6px; text-align: inherit;\">Kit mit 30 Blumenmurmeln zum Selbermachen.</span></span></a></span></p>\n<p style=\"line-height: 140%;\"> </p>\n<div style=\"box-sizing: border-box; scrollbar-color: rgba(0, 0, 0, 0.6) rgba(0, 0, 0, 0.2); line-height: inherit; text-align: justify; color: #515151; -wrap; background-color: #ffffff;\" data-block=\"true\" data-editor=\"7m1nf\" data-offset-key=\"7gqif-0-0\">\n<div class=\"public-DraftStyleDefault-block public-DraftStyleDefault-ltr\" style=\"box-sizing: border-box; scrollbar-color: rgba(0, 0, 0, 0.6) rgba(0, 0, 0, 0.2); position: relative; -line; direction: ltr; line-height: inherit; text-align: inherit;\" data-offset-key=\"7gqif-0-0\"><span data-offset-key=\"7gqif-0-0\" style=\"box-sizing: border-box; scrollbar-color: rgba(0, 0, 0, 0.6) rgba(0, 0, 0, 0.2); line-height: 19.6px; text-align: inherit;\">Willkommen zurück im Garten! </span></div>\n</div>\n<div style=\"box-sizing: border-box; scrollbar-color: rgba(0, 0, 0, 0.6) rgba(0, 0, 0, 0.2); line-height: inherit; text-align: justify; color: #515151; -wrap; background-color: #ffffff;\" data-block=\"true\" data-editor=\"7m1nf\" data-offset-key=\"611au-0-0\">\n<div class=\"public-DraftStyleDefault-block public-DraftStyleDefault-ltr\" style=\"box-sizing: border-box; scrollbar-color: rgba(0, 0, 0, 0.6) rgba(0, 0, 0, 0.2); position: relative; -line; direction: ltr; line-height: inherit; text-align: inherit;\" data-offset-key=\"611au-0-0\"><span data-offset-key=\"611au-0-0\" style=\"box-sizing: border-box; scrollbar-color: rgba(0, 0, 0, 0.6) rgba(0, 0, 0, 0.2); line-height: 19.6px; text-align: inherit;\">Viele Grüsse aus Pratteln</span></div>\n</div>"}}],"values":{"backgroundColor":"","padding":"0px","border":{},"borderRadius":"0px","_meta":{"htmlID":"u_column_10","htmlClassNames":"u_column"}}}],"values":{"displayCondition":null,"columns":false,"backgroundColor":"","columnsBackgroundColor":"","backgroundImage":{"url":"","fullWidth":true,"repeat":"no-repeat","size":"custom","position":"center"},"padding":"0px","anchor":"","hideDesktop":false,"_meta":{"htmlID":"u_row_7","htmlClassNames":"u_row"},"selectable":true,"draggable":true,"duplicatable":true,"deletable":true,"hideable":true}},{"id":"H0eqsBvnOk","cells":[1],"columns":[{"id":"wmKoy8iTML","contents":[{"id":"96aIB-wRk9","type":"image","values":{"containerPadding":"10px","anchor":"","src":{"url":"https://natura-punto.ch/images/mailing/Julia-Steiner-Signatur.png","width":200,"height":63},"textAlign":"left","altText":"","action":{"name":"web","values":{"href":"","target":"_blank"}},"hideDesktop":false,"displayCondition":null,"_meta":{"htmlID":"u_content_image_4","htmlClassNames":"u_content_image"},"selectable":true,"draggable":true,"duplicatable":true,"deletable":true,"hideable":true}}],"values":{"backgroundColor":"","padding":"0px","border":{},"borderRadius":"0px","_meta":{"htmlID":"u_column_11","htmlClassNames":"u_column"}}}],"values":{"displayCondition":null,"columns":false,"backgroundColor":"","columnsBackgroundColor":"","backgroundImage":{"url":"","fullWidth":true,"repeat":"no-repeat","size":"custom","position":"center"},"padding":"0px","anchor":"","hideDesktop":false,"_meta":{"htmlID":"u_row_8","htmlClassNames":"u_row"},"selectable":true,"draggable":true,"duplicatable":true,"deletable":true,"hideable":true}},{"id":"Fa2F4C2Xlo","cells":[1],"columns":[{"id":"rRH2f1nscH","contents":[{"id":"CVG5A20ueb","type":"text","values":{"containerPadding":"10px","anchor":"","fontSize":"14px","textAlign":"left","lineHeight":"140%","linkStyle":{"inherit":true,"linkColor":"#0000ee","linkHoverColor":"#0000ee","linkUnderline":true,"linkHoverUnderline":true},"hideDesktop":false,"displayCondition":null,"_meta":{"htmlID":"u_content_text_8","htmlClassNames":"u_content_text"},"selectable":true,"draggable":true,"duplicatable":true,"deletable":true,"hideable":true,"text":"<p style=\"line-height: 140%;\"><strong><span style=\"color: #515151; text-align: left; background-color: #ffffff; float: none; display: inline; line-height: 19.6px;\">Und Ihr natura-punto-Team</span></strong></p>"}}],"values":{"backgroundColor":"","padding":"0px","border":{},"borderRadius":"0px","_meta":{"htmlID":"u_column_12","htmlClassNames":"u_column"}}}],"values":{"displayCondition":null,"columns":false,"backgroundColor":"","columnsBackgroundColor":"","backgroundImage":{"url":"","fullWidth":true,"repeat":"no-repeat","size":"custom","position":"center"},"padding":"0px","anchor":"","hideDesktop":false,"_meta":{"htmlID":"u_row_9","htmlClassNames":"u_row"},"selectable":true,"draggable":true,"duplicatable":true,"deletable":true,"hideable":true}},{"id":"2PW8YLFlFx","cells":[1],"columns":[{"id":"FrFOaYFkXA","contents":[{"id":"9MjCKchwp3","type":"text","values":{"containerPadding":"10px","anchor":"","fontSize":"14px","textAlign":"left","lineHeight":"140%","linkStyle":{"inherit":true,"linkColor":"#0000ee","linkHoverColor":"#0000ee","linkUnderline":true,"linkHoverUnderline":true},"hideDesktop":false,"displayCondition":null,"_meta":{"htmlID":"u_content_text_9","htmlClassNames":"u_content_text"},"selectable":true,"draggable":true,"duplicatable":true,"deletable":true,"hideable":true,"text":"<p style=\"line-height: 140%;\"><strong><span style=\"color: #515151; text-align: justify; background-color: #ffffff; float: none; display: inline; line-height: 19.6px;\">Entdecken Sie auch:</span></strong></p>"}}],"values":{"backgroundColor":"","padding":"0px","border":{},"borderRadius":"0px","_meta":{"htmlID":"u_column_13","htmlClassNames":"u_column"}}}],"values":{"displayCondition":null,"columns":false,"backgroundColor":"","columnsBackgroundColor":"","backgroundImage":{"url":"","fullWidth":true,"repeat":"no-repeat","size":"custom","position":"center"},"padding":"0px","anchor":"","hideDesktop":false,"_meta":{"htmlID":"u_row_10","htmlClassNames":"u_row"},"selectable":true,"draggable":true,"duplicatable":true,"deletable":true,"hideable":true}},{"id":"GIDdYm8xEg","cells":[1,2],"columns":[{"id":"rEjelcov7_","contents":[{"id":"zqB3W-v_Gb","type":"image","values":{"containerPadding":"10px","anchor":"","src":{"url":"https://images.natura-punto.ch/images/mailing/2023_246x246_natura_olivenholz_DE.jpg","width":246,"height":246},"textAlign":"center","altText":"Körperpflege","action":{"name":"web","values":{"href":"https://natura-punto.ch/de/olivenholz/?refID=920","target":"_blank"},"attrs":{"href":"{{href}}","target":"{{target}}"}},"hideDesktop":false,"displayCondition":null,"_meta":{"htmlID":"u_content_image_5","htmlClassNames":"u_content_image"},"selectable":true,"draggable":true,"duplicatable":true,"deletable":true,"hideable":true,"_override":{"mobile":{}}}}],"values":{"backgroundColor":"","padding":"0px","border":{},"borderRadius":"0px","_meta":{"htmlID":"u_column_14","htmlClassNames":"u_column"}}},{"id":"pVm8nXw3Wj","contents":[{"id":"OQELK6t8Vz","type":"image","values":{"containerPadding":"10px","anchor":"","src":{"url":"https://images.natura-punto.ch/images/mailing/2023_503x246_natura_boho_DE.jpg","width":503,"height":246},"textAlign":"center","altText":"Boho-Style","action":{"name":"web","values":{"href":"https://natura-punto.ch/de/info/boho-style.html?refID=920","target":"_blank"},"attrs":{"href":"{{href}}","target":"{{target}}"}},"hideDesktop":false,"displayCondition":null,"_meta":{"htmlID":"u_content_image_6","htmlClassNames":"u_content_image"},"selectable":true,"draggable":true,"duplicatable":true,"deletable":true,"hideable":true,"_override":{"mobile":{}}}}],"values":{"backgroundColor":"","padding":"0px","border":{},"borderRadius":"0px","_meta":{"htmlID":"u_column_16","htmlClassNames":"u_column"}}}],"values":{"displayCondition":null,"columns":false,"backgroundColor":"","columnsBackgroundColor":"","backgroundImage":{"url":"","fullWidth":true,"repeat":"no-repeat","size":"custom","position":"center"},"padding":"0px","anchor":"","hideDesktop":false,"_meta":{"htmlID":"u_row_11","htmlClassNames":"u_row"},"selectable":true,"draggable":true,"duplicatable":true,"deletable":true,"hideable":true}},{"id":"OpDUwCf49h","cells":[1,1,1],"columns":[{"id":"WPLAAf5FNr","contents":[{"id":"gwOXkYpKhM","type":"image","values":{"containerPadding":"10px","anchor":"","src":{"url":"https://images.natura-punto.ch/images/mailing/2023_246x246_natura_mobel-&-wohnen_DE.jpg","width":246,"height":246},"textAlign":"center","altText":"Möbel & Wohnen","action":{"name":"web","values":{"href":"https://natura-punto.ch/de/haushalt-wohnen/moebel-und-wohnen/?refID=920","target":"_blank"},"attrs":{"href":"{{href}}","target":"{{target}}"}},"hideDesktop":false,"displayCondition":null,"_meta":{"htmlID":"u_content_image_7","htmlClassNames":"u_content_image"},"selectable":true,"draggable":true,"duplicatable":true,"deletable":true,"hideable":true,"_override":{"mobile":{}}}}],"values":{"backgroundColor":"","padding":"0px","border":{},"borderRadius":"0px","_meta":{"htmlID":"u_column_17","htmlClassNames":"u_column"}}},{"id":"X-J_lDroAR","contents":[{"id":"ByyBq5zIT4","type":"image","values":{"containerPadding":"10px","anchor":"","src":{"url":"https://images.natura-punto.ch/images/mailing/2023_246x246_natura_aufbewahren-&-verstauen_DE.jpg","width":246,"height":246},"textAlign":"center","altText":"Aufbewahren und Verstauen","action":{"name":"web","values":{"href":"https://natura-punto.ch/de/haushalt-wohnen/aufbewahren-verstauen/?refID=920","target":"_blank"},"attrs":{"href":"{{href}}","target":"{{target}}"}},"hideDesktop":false,"displayCondition":null,"_meta":{"htmlID":"u_content_image_8","htmlClassNames":"u_content_image"},"selectable":true,"draggable":true,"duplicatable":true,"deletable":true,"hideable":true}}],"values":{"backgroundColor":"","padding":"0px","border":{},"borderRadius":"0px","_meta":{"htmlID":"u_column_18","htmlClassNames":"u_column"}}},{"id":"z9b5BkfycQ","contents":[{"id":"a939N-AzCQ","type":"image","values":{"containerPadding":"10px","anchor":"","src":{"url":"https://images.natura-punto.ch/images/mailing/2023_246x246_natura_sale_DE.jpg","width":246,"height":246},"textAlign":"center","altText":"Sale","action":{"name":"web","values":{"href":"https://natura-punto.ch/de/sale/?refID=920","target":"_blank"},"attrs":{"href":"{{href}}","target":"{{target}}"}},"hideDesktop":false,"displayCondition":null,"_meta":{"htmlID":"u_content_image_9","htmlClassNames":"u_content_image"},"selectable":true,"draggable":true,"duplicatable":true,"deletable":true,"hideable":true}}],"values":{"backgroundColor":"","padding":"0px","border":{},"borderRadius":"0px","_meta":{"htmlID":"u_column_19","htmlClassNames":"u_column"}}}],"values":{"displayCondition":null,"columns":false,"backgroundColor":"","columnsBackgroundColor":"","backgroundImage":{"url":"","fullWidth":true,"repeat":"no-repeat","size":"custom","position":"center"},"padding":"0px","anchor":"","hideDesktop":false,"_meta":{"htmlID":"u_row_13","htmlClassNames":"u_row"},"selectable":true,"draggable":true,"duplicatable":true,"deletable":true,"hideable":true}},{"id":"4FSKHqEV17","cells":[1],"columns":[{"id":"zxOL-A2d-h","contents":[{"id":"Xhn-XMob86","type":"text","values":{"containerPadding":"10px","anchor":"","fontSize":"14px","textAlign":"left","lineHeight":"140%","linkStyle":{"inherit":true,"linkColor":"#0000ee","linkHoverColor":"#0000ee","linkUnderline":true,"linkHoverUnderline":true},"hideDesktop":false,"displayCondition":null,"_meta":{"htmlID":"u_content_text_10","htmlClassNames":"u_content_text"},"selectable":true,"draggable":true,"duplicatable":true,"deletable":true,"hideable":true,"text":"<p style=\"line-height: 140%;\"><span style=\"color: #6e4e38; text-align: left; background-color: #ffffff; float: none; display: inline; line-height: 19.6px;\">Ihre Vorteile bei Natura-Punto:</span></p>"}}],"values":{"backgroundColor":"","padding":"0px","border":{},"borderRadius":"0px","_meta":{"htmlID":"u_column_20","htmlClassNames":"u_column"}}}],"values":{"displayCondition":null,"columns":false,"backgroundColor":"","columnsBackgroundColor":"","backgroundImage":{"url":"","fullWidth":true,"repeat":"no-repeat","size":"custom","position":"center"},"padding":"0px","anchor":"","hideDesktop":false,"_meta":{"htmlID":"u_row_14","htmlClassNames":"u_row"},"selectable":true,"draggable":true,"duplicatable":true,"deletable":true,"hideable":true}},{"id":"sZrCoWs1-O","cells":[1],"columns":[{"id":"poj3L32gp8","contents":[{"id":"Tdyi-PthBF","type":"image","values":{"containerPadding":"10px","anchor":"","src":{"url":"https://www.pearl.ch/images/mailing/CHDE-Natura-Footer-2021.jpg","width":738,"height":220},"textAlign":"center","altText":"Vorteile","action":{"name":"web","values":{"href":"https://natura-punto.ch/de/?refID=920","target":"_blank"},"attrs":{"href":"{{href}}","target":"{{target}}"}},"hideDesktop":false,"displayCondition":null,"_meta":{"htmlID":"u_content_image_10","htmlClassNames":"u_content_image"},"selectable":true,"draggable":true,"duplicatable":true,"deletable":true,"hideable":true}}],"values":{"backgroundColor":"","padding":"0px","border":{},"borderRadius":"0px","_meta":{"htmlID":"u_column_21","htmlClassNames":"u_column"}}}],"values":{"displayCondition":null,"columns":false,"backgroundColor":"","columnsBackgroundColor":"","backgroundImage":{"url":"","fullWidth":true,"repeat":"no-repeat","size":"custom","position":"center"},"padding":"0px","anchor":"","hideDesktop":false,"_meta":{"htmlID":"u_row_15","htmlClassNames":"u_row"},"selectable":true,"draggable":true,"duplicatable":true,"deletable":true,"hideable":true}},{"id":"gntIJ1oHRE","cells":[1],"columns":[{"id":"iYc605NshY","contents":[{"id":"ebh8x-XOmf","type":"image","values":{"containerPadding":"10px","anchor":"","src":{"url":"https://images.natura-punto.ch/images/image/zahlarten-mail-2023-DE.png","width":807,"height":71},"textAlign":"center","altText":"Zahlungsarten","action":{"name":"web","values":{"href":"https://natura-punto.ch/de/?refID=920","target":"_blank"},"attrs":{"href":"{{href}}","target":"{{target}}"}},"hideDesktop":false,"displayCondition":null,"_meta":{"htmlID":"u_content_image_11","htmlClassNames":"u_content_image"},"selectable":true,"draggable":true,"duplicatable":true,"deletable":true,"hideable":true}}],"values":{"backgroundColor":"","padding":"0px","border":{},"borderRadius":"0px","_meta":{"htmlID":"u_column_22","htmlClassNames":"u_column"}}}],"values":{"displayCondition":null,"columns":false,"backgroundColor":"","columnsBackgroundColor":"","backgroundImage":{"url":"","fullWidth":true,"repeat":"no-repeat","size":"custom","position":"center"},"padding":"0px","anchor":"","hideDesktop":false,"_meta":{"htmlID":"u_row_16","htmlClassNames":"u_row"},"selectable":true,"draggable":true,"duplicatable":true,"deletable":true,"hideable":true}},{"id":"f3lSxdBiDo","cells":[1,1],"columns":[{"id":"qQb-UaTMs7","contents":[{"id":"Kii-DcSHLQ","type":"text","values":{"containerPadding":"10px","anchor":"","fontSize":"14px","textAlign":"left","lineHeight":"140%","linkStyle":{"inherit":true,"linkColor":"#0000ee","linkHoverColor":"#0000ee","linkUnderline":true,"linkHoverUnderline":true},"hideDesktop":false,"displayCondition":null,"_meta":{"htmlID":"u_content_text_11","htmlClassNames":"u_content_text"},"selectable":true,"draggable":true,"duplicatable":true,"deletable":true,"hideable":true,"text":"<div style=\"box-sizing: border-box; scrollbar-color: rgba(0, 0, 0, 0.6) rgba(0, 0, 0, 0.2); line-height: inherit; text-align: left; color: #515151; -wrap; background-color: #eeeeee;\" data-block=\"true\" data-editor=\"9vfe1\" data-offset-key=\"6e4ob-0-0\">\n<div class=\"public-DraftStyleDefault-block public-DraftStyleDefault-ltr\" style=\"box-sizing: border-box; scrollbar-color: rgba(0, 0, 0, 0.6) rgba(0, 0, 0, 0.2); position: relative; -line; direction: ltr; line-height: inherit; text-align: inherit;\" data-offset-key=\"6e4ob-0-0\"><strong><span data-offset-key=\"6e4ob-0-0\" style=\"box-sizing: border-box; scrollbar-color: rgba(0, 0, 0, 0.6) rgba(0, 0, 0, 0.2); line-height: 19.6px; text-align: inherit;\">Natura-Punto - (Fulfillment Partner: Pearl Schweiz GmbH)</span></strong></div>\n<div class=\"public-DraftStyleDefault-block public-DraftStyleDefault-ltr\" style=\"box-sizing: border-box; scrollbar-color: rgba(0, 0, 0, 0.6) rgba(0, 0, 0, 0.2); position: relative; -line; direction: ltr; line-height: inherit; text-align: inherit;\" data-offset-key=\"6e4ob-0-0\"> </div>\n<div class=\"public-DraftStyleDefault-block public-DraftStyleDefault-ltr\" style=\"box-sizing: border-box; scrollbar-color: rgba(0, 0, 0, 0.6) rgba(0, 0, 0, 0.2); position: relative; -line; direction: ltr; line-height: inherit; text-align: inherit;\" data-offset-key=\"6e4ob-0-0\"><span data-offset-key=\"6e4ob-0-1\" style=\"box-sizing: border-box; scrollbar-color: rgba(0, 0, 0, 0.6) rgba(0, 0, 0, 0.2); line-height: 19.6px; text-align: inherit;\"> Grüssenhölzliweg 5 </span></div>\n<div class=\"public-DraftStyleDefault-block public-DraftStyleDefault-ltr\" style=\"box-sizing: border-box; scrollbar-color: rgba(0, 0, 0, 0.6) rgba(0, 0, 0, 0.2); position: relative; -line; direction: ltr; line-height: inherit; text-align: inherit;\" data-offset-key=\"6e4ob-0-0\"><span data-offset-key=\"6e4ob-0-1\" style=\"box-sizing: border-box; scrollbar-color: rgba(0, 0, 0, 0.6) rgba(0, 0, 0, 0.2); line-height: 19.6px; text-align: inherit;\">CH-4133 Pratteln </span></div>\n<div class=\"public-DraftStyleDefault-block public-DraftStyleDefault-ltr\" style=\"box-sizing: border-box; scrollbar-color: rgba(0, 0, 0, 0.6) rgba(0, 0, 0, 0.2); position: relative; -line; direction: ltr; line-height: inherit; text-align: inherit;\" data-offset-key=\"6e4ob-0-0\"><span data-offset-key=\"6e4ob-0-1\" style=\"box-sizing: border-box; scrollbar-color: rgba(0, 0, 0, 0.6) rgba(0, 0, 0, 0.2); line-height: 19.6px; text-align: inherit;\">Geschäftsführer: Jürgen Ludwig</span></div>\n</div>\n<div style=\"box-sizing: border-box; scrollbar-color: rgba(0, 0, 0, 0.6) rgba(0, 0, 0, 0.2); line-height: inherit; text-align: left; color: #515151; -wrap; background-color: #eeeeee;\" data-block=\"true\" data-editor=\"9vfe1\" data-offset-key=\"6cgc4-0-0\">\n<div class=\"public-DraftStyleDefault-block public-DraftStyleDefault-ltr\" style=\"box-sizing: border-box; scrollbar-color: rgba(0, 0, 0, 0.6) rgba(0, 0, 0, 0.2); position: relative; -line; direction: ltr; line-height: inherit; text-align: inherit;\" data-offset-key=\"6cgc4-0-0\"> </div>\n<div class=\"public-DraftStyleDefault-block public-DraftStyleDefault-ltr\" style=\"box-sizing: border-box; scrollbar-color: rgba(0, 0, 0, 0.6) rgba(0, 0, 0, 0.2); position: relative; -line; direction: ltr; line-height: inherit; text-align: inherit;\" data-offset-key=\"6cgc4-0-0\"><span data-offset-key=\"6cgc4-0-0\" style=\"box-sizing: border-box; scrollbar-color: rgba(0, 0, 0, 0.6) rgba(0, 0, 0, 0.2); line-height: 19.6px; text-align: inherit;\">Handelsregister-Nr.: </span></div>\n<div class=\"public-DraftStyleDefault-block public-DraftStyleDefault-ltr\" style=\"box-sizing: border-box; scrollbar-color: rgba(0, 0, 0, 0.6) rgba(0, 0, 0, 0.2); position: relative; -line; direction: ltr; line-height: inherit; text-align: inherit;\" data-offset-key=\"6cgc4-0-0\"><span data-offset-key=\"6cgc4-0-0\" style=\"box-sizing: border-box; scrollbar-color: rgba(0, 0, 0, 0.6) rgba(0, 0, 0, 0.2); line-height: 19.6px; text-align: inherit;\">CH-280.4.900.189-4 </span></div>\n<div class=\"public-DraftStyleDefault-block public-DraftStyleDefault-ltr\" style=\"box-sizing: border-box; scrollbar-color: rgba(0, 0, 0, 0.6) rgba(0, 0, 0, 0.2); position: relative; -line; direction: ltr; line-height: inherit; text-align: inherit;\" data-offset-key=\"6cgc4-0-0\"><span data-offset-key=\"6cgc4-0-0\" style=\"box-sizing: border-box; scrollbar-color: rgba(0, 0, 0, 0.6) rgba(0, 0, 0, 0.2); line-height: 19.6px; text-align: inherit;\">UID: CHE-108.477.464 </span></div>\n<div class=\"public-DraftStyleDefault-block public-DraftStyleDefault-ltr\" style=\"box-sizing: border-box; scrollbar-color: rgba(0, 0, 0, 0.6) rgba(0, 0, 0, 0.2); position: relative; -line; direction: ltr; line-height: inherit; text-align: inherit;\" data-offset-key=\"6cgc4-0-0\"><span data-offset-key=\"6cgc4-0-0\" style=\"box-sizing: border-box; scrollbar-color: rgba(0, 0, 0, 0.6) rgba(0, 0, 0, 0.2); line-height: 19.6px; text-align: inherit;\">MwSt-Nr.: CHE-108.477.464 MWST</span></div>\n</div>\n<div style=\"box-sizing: border-box; scrollbar-color: rgba(0, 0, 0, 0.6) rgba(0, 0, 0, 0.2); line-height: inherit; text-align: left; color: #515151; -wrap; background-color: #eeeeee;\" data-block=\"true\" data-editor=\"9vfe1\" data-offset-key=\"58k1i-0-0\">\n<div class=\"public-DraftStyleDefault-block public-DraftStyleDefault-ltr\" style=\"box-sizing: border-box; scrollbar-color: rgba(0, 0, 0, 0.6) rgba(0, 0, 0, 0.2); position: relative; -line; direction: ltr; line-height: inherit; text-align: inherit;\" data-offset-key=\"58k1i-0-0\"><span data-offset-key=\"58k1i-0-0\" style=\"box-sizing: border-box; scrollbar-color: rgba(0, 0, 0, 0.6) rgba(0, 0, 0, 0.2); line-height: 19.6px; text-align: inherit;\"> </span></div>\n</div>\n<div style=\"box-sizing: border-box; scrollbar-color: rgba(0, 0, 0, 0.6) rgba(0, 0, 0, 0.2); line-height: inherit; text-align: left; color: #515151; -wrap; background-color: #eeeeee;\" data-block=\"true\" data-editor=\"9vfe1\" data-offset-key=\"7bj0u-0-0\">\n<div class=\"public-DraftStyleDefault-block public-DraftStyleDefault-ltr\" style=\"box-sizing: border-box; scrollbar-color: rgba(0, 0, 0, 0.6) rgba(0, 0, 0, 0.2); position: relative; -line; direction: ltr; line-height: inherit; text-align: inherit;\" data-offset-key=\"7bj0u-0-0\"><strong><span data-offset-key=\"7bj0u-0-0\" style=\"box-sizing: border-box; scrollbar-color: rgba(0, 0, 0, 0.6) rgba(0, 0, 0, 0.2); line-height: 19.6px; text-align: inherit;\">Persönliche Bestellannahme:</span></strong></div>\n</div>\n<div style=\"box-sizing: border-box; scrollbar-color: rgba(0, 0, 0, 0.6) rgba(0, 0, 0, 0.2); line-height: inherit; text-align: left; color: #515151; -wrap; background-color: #eeeeee;\" data-block=\"true\" data-editor=\"9vfe1\" data-offset-key=\"9gs5v-0-0\">\n<div class=\"public-DraftStyleDefault-block public-DraftStyleDefault-ltr\" style=\"box-sizing: border-box; scrollbar-color: rgba(0, 0, 0, 0.6) rgba(0, 0, 0, 0.2); position: relative; -line; direction: ltr; line-height: inherit; text-align: inherit;\" data-offset-key=\"9gs5v-0-0\"><span data-offset-key=\"9gs5v-0-0\" style=\"box-sizing: border-box; scrollbar-color: rgba(0, 0, 0, 0.6) rgba(0, 0, 0, 0.2); line-height: 19.6px; text-align: inherit;\">Tel. 0848 - 22 33 00 </span></div>\n<div class=\"public-DraftStyleDefault-block public-DraftStyleDefault-ltr\" style=\"box-sizing: border-box; scrollbar-color: rgba(0, 0, 0, 0.6) rgba(0, 0, 0, 0.2); position: relative; -line; direction: ltr; line-height: inherit; text-align: inherit;\" data-offset-key=\"9gs5v-0-0\"><span data-offset-key=\"9gs5v-0-0\" style=\"box-sizing: border-box; scrollbar-color: rgba(0, 0, 0, 0.6) rgba(0, 0, 0, 0.2); line-height: 19.6px; text-align: inherit;\">Aus dem Festnetz </span></div>\n<div class=\"public-DraftStyleDefault-block public-DraftStyleDefault-ltr\" style=\"box-sizing: border-box; scrollbar-color: rgba(0, 0, 0, 0.6) rgba(0, 0, 0, 0.2); position: relative; -line; direction: ltr; line-height: inherit; text-align: inherit;\" data-offset-key=\"9gs5v-0-0\"><span data-offset-key=\"9gs5v-0-0\" style=\"box-sizing: border-box; scrollbar-color: rgba(0, 0, 0, 0.6) rgba(0, 0, 0, 0.2); line-height: 19.6px; text-align: inherit;\">Mo.-Fr. 08.00-17.00 Uhr 8 Rp./Min. Mobilfunkpreise abweichend. </span></div>\n<div class=\"public-DraftStyleDefault-block public-DraftStyleDefault-ltr\" style=\"box-sizing: border-box; scrollbar-color: rgba(0, 0, 0, 0.6) rgba(0, 0, 0, 0.2); position: relative; -line; direction: ltr; line-height: inherit; text-align: inherit;\" data-offset-key=\"9gs5v-0-0\"> </div>\n<div class=\"public-DraftStyleDefault-block public-DraftStyleDefault-ltr\" style=\"box-sizing: border-box; scrollbar-color: rgba(0, 0, 0, 0.6) rgba(0, 0, 0, 0.2); position: relative; -line; direction: ltr; line-height: inherit; text-align: inherit;\" data-offset-key=\"9gs5v-0-0\"><span data-offset-key=\"9gs5v-0-0\" style=\"box-sizing: border-box; scrollbar-color: rgba(0, 0, 0, 0.6) rgba(0, 0, 0, 0.2); line-height: 19.6px; text-align: inherit;\">Internet: </span><span class=\"rte-entity-LINK\" style=\"box-sizing: border-box; scrollbar-color: rgba(0, 0, 0, 0.6) rgba(0, 0, 0, 0.2); line-height: 19.6px; text-align: inherit;\"><a href=\"https://natura-punto.ch/de/?refID=920\" style=\"box-sizing: border-box; scrollbar-color: rgba(0, 0, 0, 0.6) rgba(0, 0, 0, 0.2); color: #515151; text-decoration-line: none; line-height: inherit; text-align: inherit;\"><span data-offset-key=\"9gs5v-1-0\" style=\"box-sizing: border-box; scrollbar-color: rgba(0, 0, 0, 0.6) rgba(0, 0, 0, 0.2); line-height: 19.6px; text-decoration-line: underline; text-align: inherit;\"><span data-text=\"true\" style=\"box-sizing: border-box; scrollbar-color: rgba(0, 0, 0, 0.6) rgba(0, 0, 0, 0.2); line-height: 19.6px; text-align: inherit;\">https://natura-punto.ch/de/</span></span></a></span></div>\n</div>\n<div style=\"box-sizing: border-box; scrollbar-color: rgba(0, 0, 0, 0.6) rgba(0, 0, 0, 0.2); line-height: inherit; text-align: left; color: #515151; -wrap; background-color: #eeeeee;\" data-block=\"true\" data-editor=\"9vfe1\" data-offset-key=\"9b1fs-0-0\">\n<div class=\"public-DraftStyleDefault-block public-DraftStyleDefault-ltr\" style=\"box-sizing: border-box; scrollbar-color: rgba(0, 0, 0, 0.6) rgba(0, 0, 0, 0.2); position: relative; -line; direction: ltr; line-height: inherit; text-align: inherit;\" data-offset-key=\"9b1fs-0-0\"><span data-offset-key=\"9b1fs-0-0\" style=\"box-sizing: border-box; scrollbar-color: rgba(0, 0, 0, 0.6) rgba(0, 0, 0, 0.2); line-height: 19.6px; text-align: inherit;\">E-Mail: </span><span class=\"rte-entity-MAIL_TO_LINK\" style=\"box-sizing: border-box; scrollbar-color: rgba(0, 0, 0, 0.6) rgba(0, 0, 0, 0.2); line-height: 19.6px; text-align: inherit;\"><a href=\"mailto:serviceteam@pearl.ch\" style=\"box-sizing: border-box; scrollbar-color: rgba(0, 0, 0, 0.6) rgba(0, 0, 0, 0.2); color: #515151; text-decoration-line: none; line-height: inherit; text-align: inherit;\"><span data-offset-key=\"9b1fs-1-0\" style=\"box-sizing: border-box; scrollbar-color: rgba(0, 0, 0, 0.6) rgba(0, 0, 0, 0.2); line-height: 19.6px; text-decoration-line: underline; text-align: inherit;\"><span data-text=\"true\" style=\"box-sizing: border-box; scrollbar-color: rgba(0, 0, 0, 0.6) rgba(0, 0, 0, 0.2); line-height: 19.6px; text-align: inherit;\">serviceteam@pearl.ch</span></span></a></span></div>\n</div>"}}],"values":{"backgroundColor":"#efefef","padding":"0px","border":{},"borderRadius":"0px","_meta":{"htmlID":"u_column_23","htmlClassNames":"u_column"}}},{"id":"Vs0kLAzHLu","contents":[{"id":"eg21H6nvm6","type":"text","values":{"containerPadding":"10px","anchor":"","fontSize":"14px","textAlign":"left","lineHeight":"140%","linkStyle":{"inherit":true,"linkColor":"#0000ee","linkHoverColor":"#0000ee","linkUnderline":true,"linkHoverUnderline":true},"hideDesktop":false,"displayCondition":null,"_meta":{"htmlID":"u_content_text_12","htmlClassNames":"u_content_text"},"selectable":true,"draggable":true,"duplicatable":true,"deletable":true,"hideable":true,"text":"<div style=\"box-sizing: border-box; scrollbar-color: rgba(0, 0, 0, 0.6) rgba(0, 0, 0, 0.2); line-height: inherit; text-align: left; color: #515151; -wrap; background-color: #eeeeee;\" data-block=\"true\" data-editor=\"6h2aj\" data-offset-key=\"5ftt-0-0\">\n<div class=\"public-DraftStyleDefault-block public-DraftStyleDefault-ltr\" style=\"box-sizing: border-box; scrollbar-color: rgba(0, 0, 0, 0.6) rgba(0, 0, 0, 0.2); position: relative; -line; direction: ltr; line-height: inherit; text-align: inherit;\" data-offset-key=\"5ftt-0-0\"><strong><span data-offset-key=\"5ftt-0-0\" style=\"box-sizing: border-box; scrollbar-color: rgba(0, 0, 0, 0.6) rgba(0, 0, 0, 0.2); line-height: 19.6px; text-align: inherit;\">Abmeldung:</span></strong><span data-offset-key=\"5ftt-0-1\" style=\"box-sizing: border-box; scrollbar-color: rgba(0, 0, 0, 0.6) rgba(0, 0, 0, 0.2); line-height: 19.6px; text-align: inherit;\"> </span></div>\n<div class=\"public-DraftStyleDefault-block public-DraftStyleDefault-ltr\" style=\"box-sizing: border-box; scrollbar-color: rgba(0, 0, 0, 0.6) rgba(0, 0, 0, 0.2); position: relative; -line; direction: ltr; line-height: inherit; text-align: inherit;\" data-offset-key=\"5ftt-0-0\"><span data-offset-key=\"5ftt-0-1\" style=\"box-sizing: border-box; scrollbar-color: rgba(0, 0, 0, 0.6) rgba(0, 0, 0, 0.2); line-height: 19.6px; text-align: inherit;\">Falls Sie keine weiteren E-Mails aus dem Bereich Service-Kommunikation erhalten möchten, können Sie Ihre E-Mail-Adresse aus diesem</span></div>\n</div>\n<div style=\"box-sizing: border-box; scrollbar-color: rgba(0, 0, 0, 0.6) rgba(0, 0, 0, 0.2); line-height: inherit; text-align: left; color: #515151; -wrap; background-color: #eeeeee;\" data-block=\"true\" data-editor=\"6h2aj\" data-offset-key=\"c0lof-0-0\">\n<div class=\"public-DraftStyleDefault-block public-DraftStyleDefault-ltr\" style=\"box-sizing: border-box; scrollbar-color: rgba(0, 0, 0, 0.6) rgba(0, 0, 0, 0.2); position: relative; -line; direction: ltr; line-height: inherit; text-align: inherit;\" data-offset-key=\"c0lof-0-0\"><span data-offset-key=\"c0lof-0-0\" style=\"box-sizing: border-box; scrollbar-color: rgba(0, 0, 0, 0.6) rgba(0, 0, 0, 0.2); line-height: 19.6px; text-align: inherit;\">E-Mail-Verteiler austragen.</span></div>\n<div class=\"public-DraftStyleDefault-block public-DraftStyleDefault-ltr\" style=\"box-sizing: border-box; scrollbar-color: rgba(0, 0, 0, 0.6) rgba(0, 0, 0, 0.2); position: relative; -line; direction: ltr; line-height: inherit; text-align: inherit;\" data-offset-key=\"c0lof-0-0\"> </div>\n<div class=\"public-DraftStyleDefault-block public-DraftStyleDefault-ltr\" style=\"box-sizing: border-box; scrollbar-color: rgba(0, 0, 0, 0.6) rgba(0, 0, 0, 0.2); position: relative; -line; direction: ltr; line-height: inherit; text-align: inherit;\" data-offset-key=\"c0lof-0-0\"><span data-offset-key=\"c0lof-0-0\" style=\"box-sizing: border-box; scrollbar-color: rgba(0, 0, 0, 0.6) rgba(0, 0, 0, 0.2); line-height: 19.6px; text-align: inherit;\"> </span><span class=\"rte-entity-INSERTTAG\" style=\"box-sizing: border-box; scrollbar-color: rgba(0, 0, 0, 0.6) rgba(0, 0, 0, 0.2); line-height: 19.6px; outline: #000000 dotted 1px; outline-offset: 0px; background-color: rgba(255, 255, 255, 0.4); text-align: inherit;\"><a rel=\"noopener\" href=\"{{unsubscribe}}\" target=\"_blank\" style=\"box-sizing: border-box; scrollbar-color: rgba(0, 0, 0, 0.6) rgba(0, 0, 0, 0.2); color: #8fae3e; text-decoration-line: none; line-height: inherit; text-align: inherit;\" data-insert-tag=\"unsubscribe_link\" data-u-link-value=\"eyJuYW1lIjoid2ViIiwiYXR0cnMiOnsiaHJlZiI6Int7aHJlZn19IiwidGFyZ2V0Ijoie3t0YXJnZXR9fSJ9LCJ2YWx1ZXMiOnsiaHJlZiI6Int7dW5zdWJzY3JpYmV9fSIsInRhcmdldCI6Il9ibGFuayJ9fQ==\"><span data-offset-key=\"c0lof-1-0\" style=\"box-sizing: border-box; scrollbar-color: rgba(0, 0, 0, 0.6) rgba(0, 0, 0, 0.2); line-height: 19.6px; text-decoration-line: underline; text-align: inherit;\"><span data-text=\"true\" style=\"box-sizing: border-box; scrollbar-color: rgba(0, 0, 0, 0.6) rgba(0, 0, 0, 0.2); line-height: 19.6px; text-align: inherit;\">Newsletters abbestellen</span></span></a></span><span data-offset-key=\"c0lof-2-0\" style=\"box-sizing: border-box; scrollbar-color: rgba(0, 0, 0, 0.6) rgba(0, 0, 0, 0.2); line-height: 19.6px; text-align: inherit;\"> </span></div>\n</div>\n<div style=\"box-sizing: border-box; scrollbar-color: rgba(0, 0, 0, 0.6) rgba(0, 0, 0, 0.2); line-height: inherit; text-align: left; color: #515151; -wrap; background-color: #eeeeee;\" data-block=\"true\" data-editor=\"6h2aj\" data-offset-key=\"526kb-0-0\">\n<div class=\"public-DraftStyleDefault-block public-DraftStyleDefault-ltr\" style=\"box-sizing: border-box; scrollbar-color: rgba(0, 0, 0, 0.6) rgba(0, 0, 0, 0.2); position: relative; -line; direction: ltr; line-height: inherit; text-align: inherit;\" data-offset-key=\"526kb-0-0\"> </div>\n<div class=\"public-DraftStyleDefault-block public-DraftStyleDefault-ltr\" style=\"box-sizing: border-box; scrollbar-color: rgba(0, 0, 0, 0.6) rgba(0, 0, 0, 0.2); position: relative; -line; direction: ltr; line-height: inherit; text-align: inherit;\" data-offset-key=\"526kb-0-0\"><span data-offset-key=\"526kb-0-0\" style=\"box-sizing: border-box; scrollbar-color: rgba(0, 0, 0, 0.6) rgba(0, 0, 0, 0.2); line-height: 19.6px; text-align: inherit;\">Für die Austragung fallen keine anderen Kosten als die Übermittlungskosten nach dem Basistarif an.</span></div>\n<div class=\"public-DraftStyleDefault-block public-DraftStyleDefault-ltr\" style=\"box-sizing: border-box; scrollbar-color: rgba(0, 0, 0, 0.6) rgba(0, 0, 0, 0.2); position: relative; -line; direction: ltr; line-height: inherit; text-align: inherit;\" data-offset-key=\"526kb-0-0\"> </div>\n</div>\n<div style=\"box-sizing: border-box; scrollbar-color: rgba(0, 0, 0, 0.6) rgba(0, 0, 0, 0.2); line-height: inherit; text-align: left; color: #515151; -wrap; background-color: #eeeeee;\" data-block=\"true\" data-editor=\"6h2aj\" data-offset-key=\"35jb5-0-0\">\n<div class=\"public-DraftStyleDefault-block public-DraftStyleDefault-ltr\" style=\"box-sizing: border-box; scrollbar-color: rgba(0, 0, 0, 0.6) rgba(0, 0, 0, 0.2); position: relative; -line; direction: ltr; line-height: inherit; text-align: inherit;\" data-offset-key=\"35jb5-0-0\"><span data-offset-key=\"35jb5-0-0\" style=\"box-sizing: border-box; scrollbar-color: rgba(0, 0, 0, 0.6) rgba(0, 0, 0, 0.2); line-height: 19.6px; text-align: inherit;\"> * Zzgl. Versandkosten CHF 8.95 </span><span data-offset-key=\"35jb5-0-1\" style=\"box-sizing: border-box; scrollbar-color: rgba(0, 0, 0, 0.6) rgba(0, 0, 0, 0.2); line-height: 19.6px; vertical-align: 3px; color: #666666; text-align: inherit;\"><span data-text=\"true\" style=\"box-sizing: border-box; scrollbar-color: rgba(0, 0, 0, 0.6) rgba(0, 0, 0, 0.2); line-height: 19.6px; text-align: inherit;\">1</span></span><span data-offset-key=\"35jb5-0-2\" style=\"box-sizing: border-box; scrollbar-color: rgba(0, 0, 0, 0.6) rgba(0, 0, 0, 0.2); line-height: 19.6px; color: #666666; text-align: inherit;\"><span data-text=\"true\" style=\"box-sizing: border-box; scrollbar-color: rgba(0, 0, 0, 0.6) rgba(0, 0, 0, 0.2); line-height: 19.6px; text-align: inherit;\"> Empfohlener VK des europ. Lieferanten</span></span><span data-offset-key=\"35jb5-0-3\" style=\"box-sizing: border-box; scrollbar-color: rgba(0, 0, 0, 0.6) rgba(0, 0, 0, 0.2); line-height: 19.6px; text-align: inherit;\"> </span></div>\n<div class=\"public-DraftStyleDefault-block public-DraftStyleDefault-ltr\" style=\"box-sizing: border-box; scrollbar-color: rgba(0, 0, 0, 0.6) rgba(0, 0, 0, 0.2); position: relative; -line; direction: ltr; line-height: inherit; text-align: inherit;\" data-offset-key=\"35jb5-0-0\"><span data-offset-key=\"35jb5-0-4\" style=\"box-sizing: border-box; scrollbar-color: rgba(0, 0, 0, 0.6) rgba(0, 0, 0, 0.2); line-height: 19.6px; vertical-align: 3px; color: #666666; text-align: inherit;\"><span data-text=\"true\" style=\"box-sizing: border-box; scrollbar-color: rgba(0, 0, 0, 0.6) rgba(0, 0, 0, 0.2); line-height: 19.6px; text-align: inherit;\">2</span></span><span data-offset-key=\"35jb5-0-5\" style=\"box-sizing: border-box; scrollbar-color: rgba(0, 0, 0, 0.6) rgba(0, 0, 0, 0.2); line-height: 19.6px; color: #666666; text-align: inherit;\"><span data-text=\"true\" style=\"box-sizing: border-box; scrollbar-color: rgba(0, 0, 0, 0.6) rgba(0, 0, 0, 0.2); line-height: 19.6px; text-align: inherit;\"> Ehemaliger Preis von natura-punto</span></span><span data-offset-key=\"35jb5-0-6\" style=\"box-sizing: border-box; scrollbar-color: rgba(0, 0, 0, 0.6) rgba(0, 0, 0, 0.2); line-height: 19.6px; text-align: inherit;\"> </span><span data-offset-key=\"35jb5-0-7\" style=\"box-sizing: border-box; scrollbar-color: rgba(0, 0, 0, 0.6) rgba(0, 0, 0, 0.2); line-height: 19.6px; vertical-align: 3px; color: #666666; text-align: inherit;\"><span data-text=\"true\" style=\"box-sizing: border-box; scrollbar-color: rgba(0, 0, 0, 0.6) rgba(0, 0, 0, 0.2); line-height: 19.6px; text-align: inherit;\">3</span></span><span data-offset-key=\"35jb5-0-8\" style=\"box-sizing: border-box; scrollbar-color: rgba(0, 0, 0, 0.6) rgba(0, 0, 0, 0.2); line-height: 19.6px; color: #666666; text-align: inherit;\"><span data-text=\"true\" style=\"box-sizing: border-box; scrollbar-color: rgba(0, 0, 0, 0.6) rgba(0, 0, 0, 0.2); line-height: 19.6px; text-align: inherit;\"> Summe der Einzelpreise</span></span><span data-offset-key=\"35jb5-0-9\" style=\"box-sizing: border-box; scrollbar-color: rgba(0, 0, 0, 0.6) rgba(0, 0, 0, 0.2); line-height: 19.6px; text-align: inherit;\"> </span></div>\n<div class=\"public-DraftStyleDefault-block public-DraftStyleDefault-ltr\" style=\"box-sizing: border-box; scrollbar-color: rgba(0, 0, 0, 0.6) rgba(0, 0, 0, 0.2); position: relative; -line; direction: ltr; line-height: inherit; text-align: inherit;\" data-offset-key=\"35jb5-0-0\"><span data-offset-key=\"35jb5-0-10\" style=\"box-sizing: border-box; scrollbar-color: rgba(0, 0, 0, 0.6) rgba(0, 0, 0, 0.2); line-height: 19.6px; vertical-align: 3px; color: #666666; text-align: inherit;\"><span data-text=\"true\" style=\"box-sizing: border-box; scrollbar-color: rgba(0, 0, 0, 0.6) rgba(0, 0, 0, 0.2); line-height: 19.6px; text-align: inherit;\">4</span></span><span data-offset-key=\"35jb5-0-11\" style=\"box-sizing: border-box; scrollbar-color: rgba(0, 0, 0, 0.6) rgba(0, 0, 0, 0.2); line-height: 19.6px; color: #666666; text-align: inherit;\"><span data-text=\"true\" style=\"box-sizing: border-box; scrollbar-color: rgba(0, 0, 0, 0.6) rgba(0, 0, 0, 0.2); line-height: 19.6px; text-align: inherit;\"> UVP des Herstellers</span></span></div>\n</div>"}}],"values":{"backgroundColor":"#efefef","padding":"0px","border":{},"borderRadius":"0px","_meta":{"htmlID":"u_column_24","htmlClassNames":"u_column"}}}],"values":{"displayCondition":null,"columns":false,"backgroundColor":"","columnsBackgroundColor":"","backgroundImage":{"url":"","fullWidth":true,"repeat":"no-repeat","size":"custom","position":"center"},"padding":"0px","anchor":"","hideDesktop":false,"_meta":{"htmlID":"u_row_17","htmlClassNames":"u_row"},"selectable":true,"draggable":true,"duplicatable":true,"deletable":true,"hideable":true}},{"id":"sezsFf420Z","cells":[1],"columns":[{"id":"ZvMCOuX25j","contents":[{"id":"NpF6NetD6T","type":"image","values":{"containerPadding":"10px","anchor":"","src":{"url":"https://natura-punto.ch/images/mailing/CH-SN-herz-versand.jpg","width":440,"height":20},"textAlign":"center","altText":"natura-punto","action":{"name":"web","values":{"href":"https://natura-punto.ch/de/?refID=920","target":"_blank"},"attrs":{"href":"{{href}}","target":"{{target}}"}},"hideDesktop":false,"displayCondition":null,"_meta":{"htmlID":"u_content_image_12","htmlClassNames":"u_content_image"},"selectable":true,"draggable":true,"duplicatable":true,"deletable":true,"hideable":true}}],"values":{"backgroundColor":"","padding":"0px","border":{},"borderRadius":"0px","_meta":{"htmlID":"u_column_25","htmlClassNames":"u_column"}}}],"values":{"displayCondition":null,"columns":false,"backgroundColor":"","columnsBackgroundColor":"","backgroundImage":{"url":"","fullWidth":true,"repeat":"no-repeat","size":"custom","position":"center"},"padding":"0px","anchor":"","hideDesktop":false,"_meta":{"htmlID":"u_row_18","htmlClassNames":"u_row"},"selectable":true,"draggable":true,"duplicatable":true,"deletable":true,"hideable":true}}],"headers":[],"footers":[],"values":{"popupPosition":"center","popupWidth":"600px","popupHeight":"auto","borderRadius":"10px","contentAlign":"center","contentVerticalAlign":"center","contentWidth":760,"fontFamily":{"label":"Arial","value":"arial,helvetica,sans-serif"},"textColor":"#000000","popupBackgroundColor":"#FFFFFF","popupBackgroundImage":{"url":"","fullWidth":true,"repeat":"no-repeat","size":"cover","position":"center"},"popupOverlay_backgroundColor":"rgba(0, 0, 0, 0.1)","popupCloseButton_position":"top-right","popupCloseButton_backgroundColor":"#DDDDDD","popupCloseButton_iconColor":"#000000","popupCloseButton_borderRadius":"0px","popupCloseButton_margin":"0px","popupCloseButton_action":{"name":"close_popup","attrs":{"onClick":"document.querySelector(''.u-popup-container'').style.display = ''none'';"}},"backgroundColor":"#ffffff","preheaderText":"Blumenmurmeln zum Auswerfen oder Verschenken!","linkStyle":{"body":true,"linkColor":"#ffffff","linkHoverColor":"#0000ee","linkUnderline":false,"linkHoverUnderline":true,"inherit":false},"backgroundImage":{"url":"","fullWidth":true,"repeat":"no-repeat","size":"custom","position":"center"},"_meta":{"htmlID":"u_body","htmlClassNames":"u_body"}}},"schemaVersion":16}', 'https://export.dev.natura-punto.ch/newsletter/361/index.html', 1, 'FINISHED', 835, '2024-06-03 13:56:11', 835, '2024-06-05 16:24:23');


